"","t_id","chr","strand","start","end","t_name","num_exons","length","gene_id","gene_name","cov.output_brain","FPKM.output_brain"
"1",1,"ENSMUST00000194248.1","+",10,888,"STRG.2.1",1,879,"STRG.2","",0,0
"2",2,"ENSMUST00000103299.2","+",1,692,"STRG.1.1",1,692,"STRG.1","",0,0
"3",3,"ENSMUST00000082421.1","+",1,1144,"STRG.4.1",1,1144,"STRG.4","",2.22023,12.7457
"4",4,"ENSMUST00000082419.1","-",1,519,"STRG.3.1",1,519,"STRG.3","",0,0
"5",5,"ENSMUST00000082418.1","+",1,1824,"STRG.5.1",1,1824,"STRG.5","",0,0
"6",6,"ENSMUST00000082414.1","+",1,1378,"STRG.6.1",1,1378,"STRG.6","",0,0
"7",7,"ENSMUST00000082411.1","+",3,348,"STRG.7.1",1,346,"STRG.7","",0,0
"8",8,"ENSMUST00000082409.1","+",1,784,"STRG.8.1",1,784,"STRG.8","",0,0
"9",9,"ENSMUST00000082408.1","+",1,681,"STRG.9.1",1,681,"STRG.9","",0,0
"10",10,"ENSMUST00000082405.1","+",1,684,"STRG.10.1",1,684,"STRG.10","",0,0
"11",11,"ENSMUST00000082402.1","+",1,1545,"STRG.11.1",1,1545,"STRG.11","",4.48332,23.8077
"12",12,"ENSMUST00000082396.1","+",1,1038,"STRG.12.1",1,1038,"STRG.12","",0,0
"13",13,"ENSMUST00000082392.1","+",1,955,"STRG.16.1",1,955,"STRG.16","",0.355263,5.321
"14",14,"ENSMUST00000165559.1","+",4560,6173,"STRG.13.1",1,1614,"STRG.13","",0,0
"15",15,"ENSMUST00000025924.2","+",344,3179,"STRG.14.1",1,2836,"STRG.14","",0,0
"16",16,"ENSMUST00000065286.1","+",23,2035,"STRG.15.1",1,2013,"STRG.15","",0,0
"17",17,"ENSMUST00000040270.4","+",1,2742,"STRG.17.1",1,2742,"STRG.17","",0,0
"18",18,"ENSMUST00000025483.9","+",11,2632,"STRG.18.1",1,2622,"STRG.18","",0,0
"19",19,"ENSMUST00000096753.3","+",575,5726,"STRG.19.1",1,5152,"STRG.19","",0,0
"20",20,"ENSMUST00000051803.6","+",64,1874,"STRG.20.1",1,1811,"STRG.20","",0,0
"21",21,"ENSMUST00000066285.4","+",1660,5733,"STRG.21.1",1,4074,"STRG.21","",0,0
"22",22,"ENSMUST00000087321.2","+",1,2719,"STRG.22.1",1,2719,"STRG.22","",0,0
"23",23,"ENSMUST00000025989.8","+",13,6142,"STRG.23.1",1,6130,"STRG.23","",0,0
"24",24,"ENSMUST00000025989.8","+",13,6142,"STRG.23.2",2,6119,"STRG.23","",0,0
"25",25,"ENSMUST00000097680.5","+",1,2248,"STRG.24.1",1,2248,"STRG.24","",0,0
"26",26,"ENSMUST00000097680.5","+",1,2248,"STRG.24.2",2,2235,"STRG.24","",0,0
"27",27,"ENSMUST00000025293.3","+",2,930,"STRG.25.1",1,929,"STRG.25","",0,0
"28",28,"ENSMUST00000092041.9","+",163,2995,"STRG.26.1",1,2833,"STRG.26","",0,0
"29",29,"ENSMUST00000040924.7","+",1151,3089,"STRG.27.1",1,1939,"STRG.27","",0,0
"30",30,"ENSMUST00000040964.12","+",861,2724,"STRG.29.1",1,1864,"STRG.29","",0,0
"31",31,"ENSMUST00000025773.3","+",66,910,"STRG.28.1",1,845,"STRG.28","",0,0
"32",32,"ENSMUST00000053024.6","+",1,1027,"STRG.30.1",1,1027,"STRG.30","",0,0
"33",33,"ENSMUST00000078079.9","+",7,1920,"STRG.31.1",1,1914,"STRG.31","",0,0
"34",34,"ENSMUST00000075092.6","+",251,963,"STRG.32.1",1,713,"STRG.32","",0,0
"35",35,"ENSMUST00000003870.13","+",62,2639,"STRG.33.1",1,2578,"STRG.33","",0,0
"36",36,"ENSMUST00000025998.13","+",42,2479,"STRG.34.1",1,2438,"STRG.34","",0,0
"37",37,"ENSMUST00000111737.1","+",479,2324,"STRG.35.1",1,1846,"STRG.35","",0,0
"38",38,"ENSMUST00000045477.4","+",2,2607,"STRG.36.1",1,2606,"STRG.36","",0,0
"39",39,"ENSMUST00000044622.5","+",6837,9662,"STRG.37.1",1,2826,"STRG.37","",0,0
"40",40,"ENSMUST00000098817.2","+",13,1828,"STRG.38.1",1,1816,"STRG.38","",0,0
"41",41,"ENSMUST00000098817.2","-",3322,6378,"STRG.40.1",1,3057,"STRG.40","",1.63291,5.59019
"42",42,"ENSMUST00000040261.5","+",3,1271,"STRG.39.1",2,1230,"STRG.39","",0,0
"43",43,"ENSMUST00000049388.7",".",23,900,"STRG.41.1",1,878,"STRG.41","",0,0
"44",44,"ENSMUST00000049388.7","+",914,1560,"STRG.42.1",1,647,"STRG.42","",0,0
"45",45,"ENSMUST00000024882.6","+",13,2819,"STRG.45.1",1,2807,"STRG.45","",0,0
"46",46,"ENSMUST00000096242.3","+",9,1517,"STRG.43.1",1,1509,"STRG.43","",0,0
"47",47,"ENSMUST00000072835.6","+",1126,2783,"STRG.44.1",1,1658,"STRG.44","",0,0
"48",48,"ENSMUST00000027736.12",".",995,2761,"STRG.46.1",1,1767,"STRG.46","",0,0
"49",49,"ENSMUST00000027736.12","+",2773,4391,"STRG.47.1",1,1619,"STRG.47","",0,0
"50",50,"ENSMUST00000025590.9","+",38,4577,"STRG.48.1",1,4540,"STRG.48","",0,0
"51",51,"ENSMUST00000167741.7","+",12,1146,"STRG.49.1",2,1065,"STRG.49","",0,0
"52",52,"ENSMUST00000167741.7","+",12,1146,"STRG.49.2",2,1064,"STRG.49","",0,0
"53",53,"ENSMUST00000025095.7","+",14,1077,"STRG.50.1",1,1064,"STRG.50","",0,0
"54",54,"ENSMUST00000049811.6","+",2557,4543,"STRG.51.1",1,1987,"STRG.51","",0,0
"55",55,"ENSMUST00000114777.8","+",17,4968,"STRG.52.1",1,4952,"STRG.52","",0,0
"56",56,"ENSMUST00000168882.7","+",1126,4980,"STRG.53.1",1,3855,"STRG.53","",0,0
"57",57,"ENSMUST00000025563.6","+",1,866,"STRG.54.1",1,866,"STRG.54","",0,0
"58",58,"ENSMUST00000065304.11","+",81,5030,"STRG.55.1",1,4950,"STRG.55","",0,0
"59",59,"ENSMUST00000088171.10","+",2507,4973,"STRG.56.1",1,2467,"STRG.56","",0,0
"60",60,"ENSMUST00000025667.12","+",37,2841,"STRG.57.1",1,2805,"STRG.57","",0,0
"61",61,"ENSMUST00000025462.6","+",13,1377,"STRG.58.1",1,1365,"STRG.58","",0,0
"62",62,"ENSMUST00000071233.6",".",3591,5473,"STRG.60.1",1,1883,"STRG.60","",0,0
"63",63,"ENSMUST00000071233.6","+",5508,7686,"STRG.61.1",1,2179,"STRG.61","",0,0
"64",64,"ENSMUST00000081496.5",".",2175,5190,"STRG.59.1",1,3016,"STRG.59","",0,0
"65",65,"ENSMUST00000046839.8","+",320,789,"STRG.62.1",1,470,"STRG.62","",0,0
"66",66,"ENSMUST00000046839.8","+",1346,1775,"STRG.63.1",1,430,"STRG.63","",0,0
"67",67,"ENSMUST00000053705.6","+",1,2034,"STRG.64.1",1,2034,"STRG.64","",0,0
"68",68,"ENSMUST00000051100.6","+",11,2534,"STRG.67.1",1,2524,"STRG.67","",0,0
"69",69,"ENSMUST00000051100.6","+",11,2534,"STRG.67.2",3,2501,"STRG.67","",0,0
"70",70,"ENSMUST00000051100.6","+",11,2534,"STRG.67.3",2,2507,"STRG.67","",0,0
"71",71,"ENSMUST00000014684.4","+",33,907,"STRG.65.1",1,875,"STRG.65","",0,0
"72",72,"ENSMUST00000171400.2","+",310,2073,"STRG.66.1",1,1764,"STRG.66","",0,0
"73",73,"ENSMUST00000026218.5","+",39,2199,"STRG.68.1",1,2161,"STRG.68","",0,0
"74",74,"ENSMUST00000079033.4","+",23,878,"STRG.69.1",1,856,"STRG.69","",0,0
"75",75,"ENSMUST00000036700.5","+",730,3801,"STRG.70.1",1,3072,"STRG.70","",0,0
"76",76,"ENSMUST00000088237.4","+",920,3924,"STRG.72.1",1,3005,"STRG.72","",0,0
"77",77,"ENSMUST00000168292.1","-",10,857,"STRG.71.1",1,848,"STRG.71","",0,0
"78",78,"ENSMUST00000179543.7","+",6,2705,"STRG.73.1",1,2700,"STRG.73","",0,0
"79",79,"ENSMUST00000179886.1","+",452,2641,"STRG.74.1",1,2190,"STRG.74","",0,0
"80",80,"ENSMUST00000025515.6","+",172,4598,"STRG.75.1",1,4427,"STRG.75","",0,0
"81",81,"ENSMUST00000037029.5","+",38,6730,"STRG.76.1",1,6693,"STRG.76","",0,0
"82",82,"ENSMUST00000044911.8","+",328,1672,"STRG.78.1",1,1345,"STRG.78","",0,0
"83",83,"ENSMUST00000025567.7","+",1,1508,"STRG.77.1",1,1508,"STRG.77","",0,0
"84",84,"ENSMUST00000095978.3","+",18,864,"STRG.79.1",1,847,"STRG.79","",0,0
"85",85,"ENSMUST00000086764.5","+",8,494,"STRG.80.1",1,487,"STRG.80","",0,0
"86",86,"ENSMUST00000006027.5","+",1,791,"STRG.83.2",2,776,"STRG.83","",0,0
"87",87,"ENSMUST00000006027.5","+",1,2892,"STRG.83.1",1,2892,"STRG.83","",0,0
"88",88,"ENSMUST00000006027.5","+",792,2892,"STRG.83.3",2,2090,"STRG.83","",0,0
"89",89,"ENSMUST00000112498.2","+",3400,5995,"STRG.82.1",1,2596,"STRG.82","",0,0
"90",90,"ENSMUST00000025827.8","+",135,2619,"STRG.81.1",1,2485,"STRG.81","",0,0
"91",91,"ENSMUST00000072141.2","+",3199,6030,"STRG.84.1",1,2832,"STRG.84","",0,0
"92",92,"ENSMUST00000111808.9","+",1168,4153,"STRG.85.1",1,2986,"STRG.85","",0,0
"93",93,"ENSMUST00000111807.3","+",828,3679,"STRG.86.1",1,2852,"STRG.86","",0,0
"94",94,"ENSMUST00000024958.7","+",3354,6127,"STRG.87.1",1,2774,"STRG.87","",0,0
"95",95,"ENSMUST00000038677.3","+",3778,4317,"STRG.88.1",1,540,"STRG.88","",0,0
"96",96,"ENSMUST00000001416.6","+",32,1987,"STRG.91.1",1,1956,"STRG.91","",0,0
"97",97,"ENSMUST00000025314.5",".",30,2148,"STRG.89.1",1,2119,"STRG.89","",0,0
"98",98,"ENSMUST00000025314.5",".",2150,2395,"STRG.90.1",1,246,"STRG.90","",0,0
"99",99,"ENSMUST00000025778.7","+",376,3754,"STRG.92.1",1,3379,"STRG.92","",0,0
"100",100,"ENSMUST00000096259.4","+",5,1667,"STRG.93.1",1,1663,"STRG.93","",0,0
"101",101,"ENSMUST00000045692.7","+",8,3477,"STRG.94.1",1,3470,"STRG.94","",0,0
"102",102,"ENSMUST00000045692.7","+",8,3477,"STRG.94.2",2,3458,"STRG.94","",0,0
"103",103,"ENSMUST00000041053.9","+",1,1515,"STRG.95.1",1,1515,"STRG.95","",0,0
"104",104,"ENSMUST00000073724.5","+",266,2429,"STRG.96.1",1,2164,"STRG.96","",0,0
"105",105,"ENSMUST00000076505.3","+",1233,3106,"STRG.97.1",1,1874,"STRG.97","",0,0
"106",106,"ENSMUST00000035804.7","+",1,1530,"STRG.98.1",1,1530,"STRG.98","",0,0
"107",107,"ENSMUST00000038949.4","+",12,2491,"STRG.99.1",1,2480,"STRG.99","",0,0
"108",108,"ENSMUST00000026084.3","+",66,3803,"STRG.101.1",1,3738,"STRG.101","",0.457282,1.12807
"109",109,"ENSMUST00000025439.3","+",1,2448,"STRG.100.1",1,2448,"STRG.100","",0,0
"110",110,"ENSMUST00000075312.3","+",173,1219,"STRG.104.1",1,1047,"STRG.104","",0,0
"111",111,"ENSMUST00000170516.8","+",6,3105,"STRG.103.1",1,3100,"STRG.103","",0,0
"112",112,"ENSMUST00000025903.5",".",1464,3105,"STRG.102.1",1,1642,"STRG.102","",0,0
"113",113,"ENSMUST00000068714.5","+",6319,8644,"STRG.107.1",1,2326,"STRG.107","",0.182098,1.8795
"114",114,"ENSMUST00000052396.5","+",261,3096,"STRG.108.1",1,2836,"STRG.108","",0,0
"115",115,"ENSMUST00000025915.11","+",231,1074,"STRG.105.1",1,844,"STRG.105","",0,0
"116",116,"ENSMUST00000179118.1","+",3,830,"STRG.106.1",1,828,"STRG.106","",0,0
"117",117,"ENSMUST00000097682.2","+",4,473,"STRG.109.1",1,470,"STRG.109","",0,0
"118",118,"ENSMUST00000053663.9","+",424,3010,"STRG.110.1",1,2587,"STRG.110","",0,0
"119",119,"ENSMUST00000053663.9","+",3022,3271,"STRG.111.1",1,250,"STRG.111","",0,0
"120",120,"ENSMUST00000038379.3","+",943,3600,"STRG.112.1",1,2658,"STRG.112","",0,0
"121",121,"ENSMUST00000046094.4","+",1,1379,"STRG.113.1",1,1379,"STRG.113","",0,0
"122",122,"ENSMUST00000171461.1","+",13,3351,"STRG.114.1",1,3339,"STRG.114","",0,0
"123",123,"ENSMUST00000170811.7","+",548,2886,"STRG.115.1",1,2339,"STRG.115","",0,0
"124",124,"ENSMUST00000072376.11","+",36,3038,"STRG.116.1",1,3003,"STRG.116","",0,0
"125",125,"ENSMUST00000076155.4","+",115,1757,"STRG.117.1",1,1643,"STRG.117","",0,0
"126",126,"ENSMUST00000044252.5","+",35,1422,"STRG.118.1",1,1388,"STRG.118","",0,0
"127",127,"ENSMUST00000179108.7","+",1088,2724,"STRG.119.1",1,1637,"STRG.119","",0,0
"128",128,"ENSMUST00000026009.8","+",1,820,"STRG.120.1",1,820,"STRG.120","",0,0
"129",129,"ENSMUST00000079081.6","+",326,5082,"STRG.121.1",1,4757,"STRG.121","",0,0
"130",130,"ENSMUST00000067947.5","+",3030,6173,"STRG.122.1",1,3144,"STRG.122","",0,0
"131",131,"ENSMUST00000095187.3","+",1,3530,"STRG.123.1",2,3517,"STRG.123","",0,0
"132",132,"ENSMUST00000049323.7","+",1,1498,"STRG.125.1",1,1498,"STRG.125","",0,0
"133",133,"ENSMUST00000063775.3","+",744,1518,"STRG.124.1",1,775,"STRG.124","",0,0
"134",134,"ENSMUST00000025805.6","+",1,1237,"STRG.126.1",1,1237,"STRG.126","",0,0
"135",135,"ENSMUST00000086545.4",".",110,1886,"STRG.127.1",1,1777,"STRG.127","",0,0
"136",136,"ENSMUST00000086545.4",".",1892,2928,"STRG.128.1",1,1037,"STRG.128","",0,0
"137",137,"ENSMUST00000050214.7","+",16,2075,"STRG.130.1",1,2060,"STRG.130","",0,0
"138",138,"ENSMUST00000050214.7","+",16,2075,"STRG.130.2",2,2047,"STRG.130","",0,0
"139",139,"ENSMUST00000025106.3","+",1,956,"STRG.129.1",1,956,"STRG.129","",0,0
"140",140,"ENSMUST00000055221.7","+",1,1936,"STRG.131.1",1,1936,"STRG.131","",0,0
"141",141,"ENSMUST00000072726.5","+",2821,7109,"STRG.132.1",1,4289,"STRG.132","",0,0
"142",142,"ENSMUST00000049572.14","+",10,2969,"STRG.134.1",2,2949,"STRG.134","",0,0
"143",143,"ENSMUST00000061093.6","+",2,2860,"STRG.133.1",1,2859,"STRG.133","",0,0
"144",144,"ENSMUST00000061093.6",".",4530,4737,"STRG.135.1",1,208,"STRG.135","",0,0
"145",145,"ENSMUST00000061093.6","+",4741,5827,"STRG.136.1",1,1087,"STRG.136","",0,0
"146",146,"ENSMUST00000055458.4","+",22,1486,"STRG.137.1",1,1465,"STRG.137","",0,0
"147",147,"ENSMUST00000060722.6","+",1,2271,"STRG.138.1",1,2271,"STRG.138","",0,0
"148",148,"ENSMUST00000060722.6","+",1,2271,"STRG.138.2",2,2260,"STRG.138","",0,0
"149",149,"ENSMUST00000171284.1","+",1696,2133,"STRG.139.1",1,438,"STRG.139","",0,0
"150",150,"ENSMUST00000001975.4","+",1557,4300,"STRG.140.1",1,2744,"STRG.140","",0,0
"151",151,"ENSMUST00000025912.8","+",1510,4201,"STRG.141.1",1,2692,"STRG.141","",0,0
"152",152,"ENSMUST00000096014.3","+",1,341,"STRG.142.1",1,341,"STRG.142","",0,0
"153",153,"ENSMUST00000049378.14","+",2820,4532,"STRG.143.1",1,1713,"STRG.143","",0,0
"154",154,"ENSMUST00000166783.1","+",1603,4213,"STRG.144.1",1,2611,"STRG.144","",0,0
"155",155,"ENSMUST00000070850.6","+",1,919,"STRG.145.1",1,919,"STRG.145","",0,0
"156",156,"ENSMUST00000025288.7","+",168,4944,"STRG.148.1",1,4777,"STRG.148","",0,0
"157",157,"ENSMUST00000025568.2","+",279,1588,"STRG.146.1",1,1310,"STRG.146","",0,0
"158",158,"ENSMUST00000081619.8","+",8715,10464,"STRG.147.1",1,1750,"STRG.147","",0,0
"159",159,"ENSMUST00000088223.5","+",4,1136,"STRG.149.1",1,1133,"STRG.149","",0,0
"160",160,"ENSMUST00000097590.3","+",282,3853,"STRG.150.1",1,3572,"STRG.150","",0,0
"161",161,"ENSMUST00000055117.7","+",4,2593,"STRG.151.1",1,2590,"STRG.151","",0,0
"162",162,"ENSMUST00000037850.5","+",1,2012,"STRG.152.1",1,2012,"STRG.152","",0,0
"163",163,"ENSMUST00000179505.7","+",11,2358,"STRG.153.1",1,2348,"STRG.153","",0,0
"164",164,"ENSMUST00000178343.1","+",505,4060,"STRG.154.1",1,3556,"STRG.154","",0,0
"165",165,"ENSMUST00000178343.1","+",505,4060,"STRG.154.2",2,3390,"STRG.154","",0,0
"166",166,"ENSMUST00000046038.7","+",5,1514,"STRG.155.1",1,1510,"STRG.155","",0,0
"167",167,"ENSMUST00000113641.2","+",56,2008,"STRG.156.1",1,1953,"STRG.156","",0,0
"168",168,"ENSMUST00000113641.2","+",56,2008,"STRG.156.2",2,1797,"STRG.156","",0,0
"169",169,"ENSMUST00000074371.11",".",958,1797,"STRG.157.1",1,840,"STRG.157","",0,0
"170",170,"ENSMUST00000074371.11",".",1930,2196,"STRG.158.1",1,267,"STRG.158","",0,0
"171",171,"ENSMUST00000041331.2","+",57,4833,"STRG.159.1",1,4777,"STRG.159","",0,0
"172",172,"ENSMUST00000041331.2","+",57,4833,"STRG.159.2",2,4765,"STRG.159","",0,0
"173",173,"ENSMUST00000025851.3","+",47,2678,"STRG.160.1",1,2632,"STRG.160","",0,0
"174",174,"ENSMUST00000111741.8","+",121,4206,"STRG.161.1",1,4086,"STRG.161","",0,0
"175",175,"ENSMUST00000111741.8","+",121,4206,"STRG.161.2",2,3989,"STRG.161","",0,0
"176",176,"ENSMUST00000050096.13","+",51,4174,"STRG.162.1",1,4124,"STRG.162","",0,0
"177",177,"ENSMUST00000025999.6","+",868,4020,"STRG.163.1",1,3153,"STRG.163","",0,0
"178",178,"ENSMUST00000025999.6","+",868,4020,"STRG.163.2",2,3057,"STRG.163","",0,0
"179",179,"ENSMUST00000024873.6","+",4,1841,"STRG.165.1",1,1838,"STRG.165","",0,0
"180",180,"ENSMUST00000024873.6","+",4,1841,"STRG.165.2",2,1824,"STRG.165","",0,0
"181",181,"ENSMUST00000105038.2","+",1027,1656,"STRG.164.1",1,630,"STRG.164","",0,0
"182",182,"ENSMUST00000007482.6","+",1,1627,"STRG.166.1",1,1627,"STRG.166","",0,0
"183",183,"ENSMUST00000165032.7","+",84,1880,"STRG.168.1",1,1797,"STRG.168","",0,0
"184",184,"ENSMUST00000177752.7","+",8,625,"STRG.167.1",1,618,"STRG.167","",0,0
"185",185,"ENSMUST00000070878.8","+",1,640,"STRG.169.1",1,640,"STRG.169","",0,0
"186",186,"ENSMUST00000070878.8","+",1,640,"STRG.169.2",2,602,"STRG.169","",0,0
"187",187,"ENSMUST00000025077.6","+",41,2633,"STRG.170.1",1,2593,"STRG.170","",0,0
"188",188,"ENSMUST00000047511.13","+",1462,4044,"STRG.171.1",2,2269,"STRG.171","",0,0
"189",189,"ENSMUST00000163821.1","+",1650,3765,"STRG.172.1",1,2116,"STRG.172","",0,0
"190",190,"ENSMUST00000044207.4","+",34,5091,"STRG.175.1",1,5058,"STRG.175","",0,0
"191",191,"ENSMUST00000036584.11","+",1584,3460,"STRG.173.1",1,1877,"STRG.173","",0,0
"192",192,"ENSMUST00000025444.6","+",688,2618,"STRG.174.1",1,1931,"STRG.174","",0,0
"193",193,"ENSMUST00000113533.1","+",59,1371,"STRG.176.1",1,1313,"STRG.176","",0,0
"194",194,"ENSMUST00000115995.2","+",95,1842,"STRG.177.1",1,1748,"STRG.177","",0,0
"195",195,"ENSMUST00000025264.6","+",3186,4616,"STRG.178.1",1,1431,"STRG.178","",0,0
"196",196,"ENSMUST00000167861.7","+",35,1213,"STRG.179.1",1,1179,"STRG.179","",0,0
"197",197,"ENSMUST00000167861.7","+",35,1213,"STRG.179.2",2,1071,"STRG.179","",0,0
"198",198,"ENSMUST00000167861.7","+",35,1213,"STRG.179.3",2,1126,"STRG.179","",0,0
"199",199,"ENSMUST00000167861.7","+",35,1213,"STRG.179.4",3,1018,"STRG.179","",0,0
"200",200,"ENSMUST00000051234.8","+",38,1105,"STRG.180.1",1,1068,"STRG.180","",0,0
"201",201,"ENSMUST00000077282.5","+",3026,6581,"STRG.182.1",1,3556,"STRG.182","",0,0
"202",202,"ENSMUST00000112363.8","+",2660,5236,"STRG.181.1",1,2577,"STRG.181","",0,0
"203",203,"ENSMUST00000040069.8","+",459,3321,"STRG.183.1",1,2863,"STRG.183","",0,0
"204",204,"ENSMUST00000091636.3","+",2,2935,"STRG.184.1",1,2934,"STRG.184","",0,0
"205",205,"ENSMUST00000091636.3","+",3176,5665,"STRG.187.1",1,2490,"STRG.187","",0,0
"206",206,"ENSMUST00000091967.11",".",187,1104,"STRG.185.1",1,918,"STRG.185","",0,0
"207",207,"ENSMUST00000091967.11","+",1229,2111,"STRG.186.1",1,883,"STRG.186","",0,0
"208",208,"ENSMUST00000025239.7","+",21,2451,"STRG.188.1",1,2431,"STRG.188","",0,0
"209",209,"ENSMUST00000025239.7","+",21,2451,"STRG.188.2",2,2338,"STRG.188","",0,0
"210",210,"ENSMUST00000025239.7","+",797,2451,"STRG.188.3",2,1547,"STRG.188","",0,0
"211",211,"ENSMUST00000035648.4","+",15,2484,"STRG.189.1",1,2470,"STRG.189","",0,0
"212",212,"ENSMUST00000041369.6","+",756,4387,"STRG.191.1",1,3632,"STRG.191","",0,0
"213",213,"ENSMUST00000096575.3","+",7297,10791,"STRG.192.1",1,3495,"STRG.192","",0,0
"214",214,"ENSMUST00000025101.8","+",1,1312,"STRG.190.1",1,1312,"STRG.190","",0,0
"215",215,"ENSMUST00000025215.8","+",19,1695,"STRG.193.1",1,1677,"STRG.193","",0,0
"216",216,"ENSMUST00000099782.9","+",537,1741,"STRG.194.1",1,1205,"STRG.194","",0,0
"217",217,"ENSMUST00000025909.10","+",707,1717,"STRG.195.1",1,1011,"STRG.195","",0,0
"218",218,"ENSMUST00000166115.7","+",1,1845,"STRG.196.1",1,1845,"STRG.196","",0,0
"219",219,"ENSMUST00000099776.4","+",774,1507,"STRG.197.1",1,734,"STRG.197","",0,0
"220",220,"ENSMUST00000069597.6","+",234,4375,"STRG.198.1",1,4142,"STRG.198","",0,0
"221",221,"ENSMUST00000063417.9","+",13,2279,"STRG.200.1",1,2267,"STRG.200","",0,0
"222",222,"ENSMUST00000063417.9","+",13,2279,"STRG.200.2",2,2231,"STRG.200","",0,0
"223",223,"ENSMUST00000005503.3","+",759,4253,"STRG.201.1",1,3495,"STRG.201","",0,0
"224",224,"ENSMUST00000060427.4","+",13,1519,"STRG.199.1",1,1507,"STRG.199","",0,0
"225",225,"ENSMUST00000008991.6","+",3773,8249,"STRG.203.1",1,4477,"STRG.203","",0,0
"226",226,"ENSMUST00000064393.5","+",60,1795,"STRG.202.1",1,1736,"STRG.202","",0,0
"227",227,"ENSMUST00000025484.7","+",1,2898,"STRG.205.1",1,2898,"STRG.205","",0,0
"228",228,"ENSMUST00000025759.7","+",179,1206,"STRG.204.1",1,1028,"STRG.204","",0,0
"229",229,"ENSMUST00000025110.3","+",27,3901,"STRG.208.1",1,3875,"STRG.208","",0,0
"230",230,"ENSMUST00000025830.7","+",4609,6632,"STRG.207.1",1,2024,"STRG.207","",0,0
"231",231,"ENSMUST00000025714.7","+",1,1155,"STRG.206.1",1,1155,"STRG.206","",0,0
"232",232,"ENSMUST00000169861.7","+",1109,3928,"STRG.209.1",1,2820,"STRG.209","",0,0
"233",233,"ENSMUST00000025932.7","+",138,4106,"STRG.210.1",1,3969,"STRG.210","",0,0
"234",234,"ENSMUST00000015719.14","+",1,780,"STRG.211.1",1,780,"STRG.211","",0,0
"235",235,"ENSMUST00000066039.6","+",175,3750,"STRG.212.1",1,3576,"STRG.212","",0,0
"236",236,"ENSMUST00000092511.4","+",12,1125,"STRG.213.1",1,1114,"STRG.213","",0,0
"237",237,"ENSMUST00000166407.7","+",26,1030,"STRG.214.1",1,1005,"STRG.214","",0,0
"238",238,"ENSMUST00000096255.5","+",1,1040,"STRG.215.1",1,1040,"STRG.215","",0,0
"239",239,"ENSMUST00000011896.6","+",25,1831,"STRG.217.1",1,1807,"STRG.217","",0,0
"240",240,"ENSMUST00000058829.2",".",2967,3524,"STRG.216.1",1,558,"STRG.216","",0,0
"241",241,"ENSMUST00000072735.7","+",1,800,"STRG.218.1",1,800,"STRG.218","",0,0
"242",242,"ENSMUST00000066778.4","+",98,3645,"STRG.219.1",1,3548,"STRG.219","",0,0
"243",243,"ENSMUST00000056129.7","+",384,3273,"STRG.220.1",1,2890,"STRG.220","",0,0
"244",244,"ENSMUST00000026221.5","+",364,5453,"STRG.222.1",1,5090,"STRG.222","",0,0
"245",245,"ENSMUST00000026221.5","+",364,5453,"STRG.222.2",2,5079,"STRG.222","",0,0
"246",246,"ENSMUST00000026221.5","+",364,5453,"STRG.222.3",3,5068,"STRG.222","",0,0
"247",247,"ENSMUST00000026256.8","+",8,1347,"STRG.221.1",1,1340,"STRG.221","",0,0
"248",248,"ENSMUST00000177667.1","+",188,1240,"STRG.223.1",1,1053,"STRG.223","",0,0
"249",249,"ENSMUST00000003313.8",".",890,3164,"STRG.224.1",1,2275,"STRG.224","",0,0
"250",250,"ENSMUST00000026008.7","+",173,3230,"STRG.225.1",1,3058,"STRG.225","",0,0
"251",251,"ENSMUST00000053917.4","+",133,2116,"STRG.227.1",1,1984,"STRG.227","",0,0
"252",252,"ENSMUST00000053917.4","+",2292,4017,"STRG.228.1",1,1726,"STRG.228","",0,0
"253",253,"ENSMUST00000025403.6","+",15,1351,"STRG.226.1",1,1337,"STRG.226","",0,0
"254",254,"ENSMUST00000039758.4","+",2,545,"STRG.229.1",1,544,"STRG.229","",0,0
"255",255,"ENSMUST00000026900.13","+",43,2897,"STRG.230.1",1,2855,"STRG.230","",0,0
"256",256,"ENSMUST00000039631.8","+",13,1349,"STRG.231.1",1,1337,"STRG.231","",0,0
"257",257,"ENSMUST00000025786.7","+",2446,4334,"STRG.232.1",1,1889,"STRG.232","",0,0
"258",258,"ENSMUST00000099353.4","+",7,1530,"STRG.233.1",2,1462,"STRG.233","",0,0
"259",259,"ENSMUST00000099353.4","+",219,1530,"STRG.233.2",1,1312,"STRG.233","",0,0
"260",260,"ENSMUST00000096053.3","+",3671,6865,"STRG.234.1",1,3195,"STRG.234","",0,0
"261",261,"ENSMUST00000079125.6","+",161,759,"STRG.235.1",1,599,"STRG.235","",0,0
"262",262,"ENSMUST00000025270.6","+",1,3631,"STRG.237.1",1,3631,"STRG.237","",0,0
"263",263,"ENSMUST00000038973.6","+",5,1208,"STRG.236.1",1,1204,"STRG.236","",0,0
"264",264,"ENSMUST00000115154.10","+",1,2244,"STRG.238.1",2,2223,"STRG.238","",0.778484,3.95098
"265",265,"ENSMUST00000062213.11",".",1,2361,"STRG.241.1",1,2361,"STRG.241","",0,0
"266",266,"ENSMUST00000062213.11","+",2468,2966,"STRG.242.1",1,499,"STRG.242","",0,0
"267",267,"ENSMUST00000111954.10",".",717,2253,"STRG.239.1",1,1537,"STRG.239","",0,0
"268",268,"ENSMUST00000111954.10",".",2449,2865,"STRG.240.1",1,417,"STRG.240","",0,0
"269",269,"ENSMUST00000084493.6","+",2496,2843,"STRG.243.1",1,348,"STRG.243","",0,0
"270",270,"ENSMUST00000047086.9","+",38,3448,"STRG.244.1",1,3411,"STRG.244","",0,0
"271",271,"ENSMUST00000164773.1","+",227,1934,"STRG.245.1",1,1708,"STRG.245","",0,0
"272",272,"ENSMUST00000042556.10","+",2534,3872,"STRG.247.1",1,1339,"STRG.247","",0,0
"273",273,"ENSMUST00000062118.10",".",2457,2923,"STRG.246.1",1,467,"STRG.246","",0,0
"274",274,"ENSMUST00000026899.3","+",55,2000,"STRG.248.1",1,1946,"STRG.248","",0,0
"275",275,"ENSMUST00000197284.4",".",2607,3140,"STRG.249.1",1,534,"STRG.249","",0,0
"276",276,"ENSMUST00000197284.4",".",3201,3616,"STRG.250.1",1,416,"STRG.250","",0,0
"277",277,"ENSMUST00000197284.4","+",3623,5847,"STRG.251.1",1,2225,"STRG.251","",0,0
"278",278,"ENSMUST00000020930.13","+",2529,6160,"STRG.252.1",2,3612,"STRG.252","",0,0
"279",279,"ENSMUST00000021471.12","+",28,2795,"STRG.254.1",1,2768,"STRG.254","",0,0
"280",280,"ENSMUST00000087211.8","+",2364,4255,"STRG.253.1",1,1892,"STRG.253","",0,0
"281",281,"ENSMUST00000025841.3","+",19,1954,"STRG.255.1",2,1907,"STRG.255","",0,0
"282",282,"ENSMUST00000141158.7","+",4680,8181,"STRG.258.1",1,3502,"STRG.258","",0,0
"283",283,"ENSMUST00000080138.12","+",145,988,"STRG.256.1",1,844,"STRG.256","",0,0
"284",284,"ENSMUST00000035560.8","+",50,1495,"STRG.257.1",1,1446,"STRG.257","",0,0
"285",285,"ENSMUST00000021243.15","+",199,1523,"STRG.259.1",1,1325,"STRG.259","",0,0
"286",286,"ENSMUST00000021243.15","+",199,1523,"STRG.259.2",2,1300,"STRG.259","",0,0
"287",287,"ENSMUST00000021243.15","+",199,1523,"STRG.259.3",2,1314,"STRG.259","",0,0
"288",288,"ENSMUST00000131193.2","+",28,1296,"STRG.260.1",1,1269,"STRG.260","",0,0
"289",289,"ENSMUST00000131193.2","+",28,1296,"STRG.260.2",2,1256,"STRG.260","",0,0
"290",290,"ENSMUST00000028220.9","+",833,1870,"STRG.261.1",1,1038,"STRG.261","",0,0
"291",291,"ENSMUST00000091020.9","+",565,1828,"STRG.262.1",1,1264,"STRG.262","",0,0
"292",292,"ENSMUST00000113077.7","+",635,1632,"STRG.263.1",1,998,"STRG.263","",0,0
"293",293,"ENSMUST00000113080.8","+",8,1921,"STRG.265.1",1,1914,"STRG.265","",0,0
"294",294,"ENSMUST00000233692.1","+",457,2007,"STRG.264.1",1,1551,"STRG.264","",0,0
"295",295,"ENSMUST00000233341.1","+",1675,2445,"STRG.266.1",1,771,"STRG.266","",0,0
"296",296,"ENSMUST00000095724.10","+",2945,5815,"STRG.267.1",1,2871,"STRG.267","",0,0
"297",297,"ENSMUST00000045866.8","+",2924,4722,"STRG.268.1",1,1799,"STRG.268","",0,0
"298",298,"ENSMUST00000107479.2",".",493,2779,"STRG.270.1",1,2287,"STRG.270","",0,0
"299",299,"ENSMUST00000107479.2","+",2784,4168,"STRG.271.1",1,1385,"STRG.271","",0,0
"300",300,"ENSMUST00000139889.1",".",1412,2057,"STRG.269.1",1,646,"STRG.269","",0,0
"301",301,"ENSMUST00000164181.1","+",2,665,"STRG.272.1",1,664,"STRG.272","",0,0
"302",302,"ENSMUST00000219554.1","+",205,788,"STRG.273.1",1,584,"STRG.273","",0,0
"303",303,"ENSMUST00000217733.1","+",18,1667,"STRG.274.1",1,1650,"STRG.274","",0,0
"304",304,"ENSMUST00000218127.1","+",1,691,"STRG.275.1",1,691,"STRG.275","",0,0
"305",305,"ENSMUST00000218127.1","+",1,691,"STRG.275.2",2,646,"STRG.275","",0,0
"306",306,"ENSMUST00000218813.1","+",540,3030,"STRG.276.1",3,2200,"STRG.276","",0,0
"307",307,"ENSMUST00000219236.1","+",10,692,"STRG.278.1",2,625,"STRG.278","",0,0
"308",308,"ENSMUST00000217969.1","+",167,598,"STRG.277.1",1,432,"STRG.277","",0,0
"309",309,"ENSMUST00000067246.5","+",22,3173,"STRG.279.1",1,3152,"STRG.279","",0,0
"310",310,"ENSMUST00000106697.7","+",647,3228,"STRG.280.1",1,2582,"STRG.280","",0,0
"311",311,"ENSMUST00000020928.12","+",1185,3265,"STRG.281.1",1,2081,"STRG.281","",0,0
"312",312,"ENSMUST00000168727.2","+",612,2510,"STRG.282.1",1,1899,"STRG.282","",0,0
"313",313,"ENSMUST00000038574.6","+",3135,4647,"STRG.283.1",1,1513,"STRG.283","",0,0
"314",314,"ENSMUST00000037480.8",".",1715,3835,"STRG.284.1",1,2121,"STRG.284","",0,0
"315",315,"ENSMUST00000037480.8","+",3850,5922,"STRG.285.1",1,2073,"STRG.285","",0,0
"316",316,"ENSMUST00000005234.12","+",98,3081,"STRG.286.1",1,2984,"STRG.286","",0,0
"317",317,"ENSMUST00000005234.12","+",98,3081,"STRG.286.2",2,2968,"STRG.286","",0,0
"318",318,"ENSMUST00000005234.12","+",98,3081,"STRG.286.3",2,2971,"STRG.286","",0,0
"319",319,"ENSMUST00000167459.2","+",1,4533,"STRG.287.1",1,4533,"STRG.287","",0,0
"320",320,"ENSMUST00000167459.2","+",1,4533,"STRG.287.2",2,4402,"STRG.287","",0,0
"321",321,"ENSMUST00000167459.2","+",1,4533,"STRG.287.3",3,4391,"STRG.287","",0,0
"322",322,"ENSMUST00000227153.1","+",17,2881,"STRG.288.1",1,2865,"STRG.288","",0,0
"323",323,"ENSMUST00000227153.1","+",17,2881,"STRG.288.2",2,2853,"STRG.288","",0,0
"324",324,"ENSMUST00000088419.12","+",1786,4552,"STRG.292.1",1,2767,"STRG.292","",0,0
"325",325,"ENSMUST00000024802.8","+",194,1409,"STRG.289.1",1,1216,"STRG.289","",0,0
"326",326,"ENSMUST00000012440.13","+",1209,2405,"STRG.290.1",1,1197,"STRG.290","",0,0
"327",327,"ENSMUST00000225413.1","+",1,2177,"STRG.291.1",1,2177,"STRG.291","",0,0
"328",328,"ENSMUST00000138242.1","+",1406,1883,"STRG.293.1",1,478,"STRG.293","",0,0
"329",329,"ENSMUST00000103061.1","+",25,1832,"STRG.294.1",1,1808,"STRG.294","",0,0
"330",330,"ENSMUST00000092500.10","+",50,2809,"STRG.297.1",1,2760,"STRG.297","",0,0
"331",331,"ENSMUST00000115799.1",".",4150,6153,"STRG.295.1",1,2004,"STRG.295","",0,0
"332",332,"ENSMUST00000115799.1",".",6187,6747,"STRG.296.1",1,561,"STRG.296","",0,0
"333",333,"ENSMUST00000115797.8","+",7634,8187,"STRG.298.1",1,554,"STRG.298","",0,0
"334",334,"ENSMUST00000144489.7","+",896,2903,"STRG.299.1",1,2008,"STRG.299","",0,0
"335",335,"ENSMUST00000107420.7","+",1005,2745,"STRG.301.1",1,1741,"STRG.301","",0,0
"336",336,"ENSMUST00000153875.2","+",415,1154,"STRG.300.1",1,740,"STRG.300","",0,0
"337",337,"ENSMUST00000037942.10","+",2432,7394,"STRG.303.1",1,4963,"STRG.303","",0,0
"338",338,"ENSMUST00000037942.10","+",2432,7394,"STRG.303.2",2,4952,"STRG.303","",0,0
"339",339,"ENSMUST00000026428.3","+",51,1026,"STRG.302.1",1,976,"STRG.302","",0,0
"340",340,"ENSMUST00000145903.7","+",114,2624,"STRG.305.1",1,2511,"STRG.305","",0,0
"341",341,"ENSMUST00000113086.8","+",473,1106,"STRG.304.1",1,634,"STRG.304","",0,0
"342",342,"ENSMUST00000131284.7","+",3880,4873,"STRG.307.1",1,994,"STRG.307","",0,0
"343",343,"ENSMUST00000221628.1","+",418,1472,"STRG.306.1",1,1055,"STRG.306","",0,0
"344",344,"ENSMUST00000021514.9","+",1,3380,"STRG.308.1",1,3380,"STRG.308","",0,0
"345",345,"ENSMUST00000021514.9","+",1,3380,"STRG.308.2",2,3368,"STRG.308","",0,0
"346",346,"ENSMUST00000021514.9","+",4019,7668,"STRG.309.1",1,3650,"STRG.309","",0,0
"347",347,"ENSMUST00000223410.1","+",1097,3900,"STRG.312.1",1,2804,"STRG.312","",0,0
"348",348,"ENSMUST00000135515.1","+",2,1256,"STRG.310.1",2,1178,"STRG.310","",0,0
"349",349,"ENSMUST00000034913.4","+",20,1205,"STRG.311.1",1,1186,"STRG.311","",0,0
"350",350,"ENSMUST00000037489.14","+",78,1942,"STRG.316.1",1,1865,"STRG.316","",0,0
"351",351,"ENSMUST00000037489.14","+",1955,2164,"STRG.317.1",1,210,"STRG.317","",0,0
"352",352,"ENSMUST00000114140.9",".",1016,1692,"STRG.313.1",1,677,"STRG.313","",0,0
"353",353,"ENSMUST00000114140.9",".",1709,1921,"STRG.314.1",1,213,"STRG.314","",0,0
"354",354,"ENSMUST00000174595.1",".",948,1700,"STRG.315.1",1,753,"STRG.315","",0,0
"355",355,"ENSMUST00000112530.7","+",742,3035,"STRG.318.1",1,2294,"STRG.318","",0,0
"356",356,"ENSMUST00000080557.11","+",1307,3059,"STRG.320.1",1,1753,"STRG.320","",0,0
"357",357,"ENSMUST00000035861.5",".",1306,3139,"STRG.319.1",1,1834,"STRG.319","",0,0
"358",358,"ENSMUST00000112532.7",".",57,715,"STRG.322.1",1,659,"STRG.322","",0,0
"359",359,"ENSMUST00000112532.7","+",821,3124,"STRG.323.1",1,2304,"STRG.323","",0,0
"360",360,"ENSMUST00000163048.7","+",8,2709,"STRG.321.1",1,2702,"STRG.321","",0,0
"361",361,"ENSMUST00000075924.7","+",4,2699,"STRG.324.1",2,2617,"STRG.324","",0,0
"362",362,"ENSMUST00000067854.9",".",22,1603,"STRG.325.1",1,1582,"STRG.325","",0,0
"363",363,"ENSMUST00000067854.9",".",1614,2117,"STRG.326.1",1,504,"STRG.326","",0,0
"364",364,"ENSMUST00000020270.5","+",61,2532,"STRG.327.1",2,2414,"STRG.327","",0,0
"365",365,"ENSMUST00000040572.9","+",80,2108,"STRG.330.1",1,2029,"STRG.330","",0,0
"366",366,"ENSMUST00000085558.10","+",5073,7531,"STRG.328.1",1,2459,"STRG.328","",0,0
"367",367,"ENSMUST00000127270.1","+",2,567,"STRG.329.1",1,566,"STRG.329","",0,0
"368",368,"ENSMUST00000102483.4","+",29,560,"STRG.331.1",1,532,"STRG.331","",0,0
"369",369,"ENSMUST00000026427.7",".",570,3628,"STRG.332.1",1,3059,"STRG.332","",0,0
"370",370,"ENSMUST00000092880.13","+",84,2693,"STRG.334.1",1,2610,"STRG.334","",0,0
"371",371,"ENSMUST00000127587.7","+",83,1359,"STRG.333.1",1,1277,"STRG.333","",0,0
"372",372,"ENSMUST00000023487.4","+",4323,7964,"STRG.335.1",1,3642,"STRG.335","",0,0
"373",373,"ENSMUST00000040865.8","+",246,1633,"STRG.336.1",1,1388,"STRG.336","",0,0
"374",374,"ENSMUST00000047951.8","+",1,1281,"STRG.337.1",1,1281,"STRG.337","",0,0
"375",375,"ENSMUST00000114155.7","+",5816,6534,"STRG.338.1",1,719,"STRG.338","",0,0
"376",376,"ENSMUST00000036248.12","+",220,4524,"STRG.340.1",1,4305,"STRG.340","",0,0
"377",377,"ENSMUST00000103060.9","+",68,2050,"STRG.339.1",1,1983,"STRG.339","",0,0
"378",378,"ENSMUST00000064709.11","+",12,2801,"STRG.341.1",1,2790,"STRG.341","",0,0
"379",379,"ENSMUST00000149405.2","+",244,1396,"STRG.342.1",1,1153,"STRG.342","",0,0
"380",380,"ENSMUST00000079833.5","+",1950,2603,"STRG.343.1",1,654,"STRG.343","",0,0
"381",381,"ENSMUST00000020586.6",".",114,2151,"STRG.344.1",1,2038,"STRG.344","",0,0
"382",382,"ENSMUST00000000384.7","+",2664,5041,"STRG.346.1",1,2378,"STRG.346","",0,0
"383",383,"ENSMUST00000113584.7","+",428,1692,"STRG.345.1",1,1265,"STRG.345","",0,0
"384",384,"ENSMUST00000026122.10","+",393,2860,"STRG.348.1",1,2468,"STRG.348","",0,0
"385",385,"ENSMUST00000233774.1","+",6737,7666,"STRG.347.1",1,930,"STRG.347","",0,0
"386",386,"ENSMUST00000013845.12","+",7,1172,"STRG.349.1",1,1166,"STRG.349","",0,0
"387",387,"ENSMUST00000108182.9","+",665,3647,"STRG.350.1",1,2983,"STRG.350","",0,0
"388",388,"ENSMUST00000198389.4","+",233,2882,"STRG.351.1",1,2650,"STRG.351","",0,0
"389",389,"ENSMUST00000178098.7","+",2127,4431,"STRG.352.1",1,2305,"STRG.352","",0,0
"390",390,"ENSMUST00000120691.7","+",2835,4821,"STRG.353.1",1,1987,"STRG.353","",0,0
"391",391,"ENSMUST00000032402.11","+",31,2519,"STRG.354.1",1,2489,"STRG.354","",0,0
"392",392,"ENSMUST00000111742.7","+",737,2555,"STRG.355.1",1,1819,"STRG.355","",0,0
"393",393,"ENSMUST00000106677.7","+",209,3513,"STRG.356.1",1,3305,"STRG.356","",0,0
"394",394,"ENSMUST00000049527.6","+",37,3359,"STRG.357.1",1,3323,"STRG.357","",0,0
"395",395,"ENSMUST00000043757.14",".",726,3161,"STRG.358.1",1,2436,"STRG.358","",0,0
"396",396,"ENSMUST00000064107.6","+",185,4626,"STRG.359.1",1,4442,"STRG.359","",0,0
"397",397,"ENSMUST00000064107.6","+",4650,5392,"STRG.360.1",2,728,"STRG.360","",0,0
"398",398,"ENSMUST00000064107.6","+",4650,5392,"STRG.360.2",2,730,"STRG.360","",0,0
"399",399,"ENSMUST00000070198.13","+",1,4758,"STRG.361.1",2,4744,"STRG.361","",0,0
"400",400,"ENSMUST00000070198.13","+",1,4758,"STRG.361.2",2,4746,"STRG.361","",0,0
"401",401,"ENSMUST00000106197.9","+",31,1867,"STRG.362.1",1,1837,"STRG.362","",0,0
"402",402,"ENSMUST00000067936.5","+",91,2150,"STRG.363.1",1,2060,"STRG.363","",0,0
"403",403,"ENSMUST00000005053.13","+",2,948,"STRG.364.1",1,947,"STRG.364","",0,0
"404",404,"ENSMUST00000094695.11","+",86,2249,"STRG.365.1",1,2164,"STRG.365","",0,0
"405",405,"ENSMUST00000094695.11","+",86,2249,"STRG.365.2",2,2153,"STRG.365","",0,0
"406",406,"ENSMUST00000054274.7","+",1565,4348,"STRG.366.1",1,2784,"STRG.366","",0,0
"407",407,"ENSMUST00000040344.6","+",29,3854,"STRG.369.1",1,3826,"STRG.369","",0,0
"408",408,"ENSMUST00000219216.1","+",1536,3013,"STRG.367.1",1,1478,"STRG.367","",0,0
"409",409,"ENSMUST00000026125.2",".",12,915,"STRG.368.1",1,904,"STRG.368","",0,0
"410",410,"ENSMUST00000107722.7","+",3,3060,"STRG.370.1",1,3058,"STRG.370","",0,0
"411",411,"ENSMUST00000107724.8","+",31,2876,"STRG.371.1",1,2846,"STRG.371","",0,0
"412",412,"ENSMUST00000057859.8","+",2400,4646,"STRG.372.1",1,2247,"STRG.372","",0,0
"413",413,"ENSMUST00000020027.10","+",10,2880,"STRG.375.1",1,2871,"STRG.375","",0,0
"414",414,"ENSMUST00000020027.10","+",10,2880,"STRG.375.2",2,2841,"STRG.375","",0,0
"415",415,"ENSMUST00000016105.8","+",39,2557,"STRG.374.1",1,2519,"STRG.374","",0,0
"416",416,"ENSMUST00000159184.1","+",826,2069,"STRG.373.1",1,1244,"STRG.373","",0,0
"417",417,"ENSMUST00000026128.9","+",20,849,"STRG.376.1",1,830,"STRG.376","",0,0
"418",418,"ENSMUST00000093140.4","+",1,959,"STRG.377.1",1,959,"STRG.377","",0,0
"419",419,"ENSMUST00000102993.9","+",1565,4652,"STRG.379.1",1,3088,"STRG.379","",0,0
"420",420,"ENSMUST00000026902.8","+",1502,3512,"STRG.378.1",1,2011,"STRG.378","",0,0
"421",421,"ENSMUST00000101126.2","+",2040,4951,"STRG.381.1",1,2912,"STRG.381","",0,0
"422",422,"ENSMUST00000052686.3","+",8,1375,"STRG.380.1",1,1368,"STRG.380","",0,0
"423",423,"ENSMUST00000177163.7","+",4,544,"STRG.382.1",1,541,"STRG.382","",0,0
"424",424,"ENSMUST00000176683.7","+",15,437,"STRG.383.1",1,423,"STRG.383","",0,0
"425",425,"ENSMUST00000176010.7","+",2,582,"STRG.384.1",1,581,"STRG.384","",0,0
"426",426,"ENSMUST00000177513.1","+",1,680,"STRG.385.1",1,680,"STRG.385","",0,0
"427",427,"ENSMUST00000177513.1","+",1,680,"STRG.385.2",2,412,"STRG.385","",0,0
"428",428,"ENSMUST00000177513.1","+",1,680,"STRG.385.3",2,411,"STRG.385","",0,0
"429",429,"ENSMUST00000176906.1","+",3,509,"STRG.387.1",2,485,"STRG.387","",0,0
"430",430,"ENSMUST00000176906.1","+",3,509,"STRG.387.2",2,483,"STRG.387","",0,0
"431",431,"ENSMUST00000176184.1","+",56,694,"STRG.386.1",1,639,"STRG.386","",0,0
"432",432,"ENSMUST00000031122.8","+",1969,6622,"STRG.390.1",1,4654,"STRG.390","",0,0
"433",433,"ENSMUST00000031122.8","+",12108,13737,"STRG.388.1",1,1630,"STRG.388","",0,0
"434",434,"ENSMUST00000047720.8","+",2237,5020,"STRG.389.1",1,2784,"STRG.389","",0,0
"435",435,"ENSMUST00000106454.7","+",486,2155,"STRG.391.1",1,1670,"STRG.391","",0,0
"436",436,"ENSMUST00000016703.7","+",12,1667,"STRG.392.1",1,1656,"STRG.392","",0,0
"437",437,"ENSMUST00000031121.9","+",380,4108,"STRG.393.1",1,3729,"STRG.393","",0,0
"438",438,"ENSMUST00000038108.11","+",30,739,"STRG.395.1",1,710,"STRG.395","",0,0
"439",439,"ENSMUST00000022282.5","+",15,1041,"STRG.394.1",1,1027,"STRG.394","",0,0
"440",440,"ENSMUST00000055518.12",".",983,3027,"STRG.396.1",1,2045,"STRG.396","",0,0
"441",441,"ENSMUST00000055518.12",".",3074,5236,"STRG.397.1",1,2163,"STRG.397","",0,0
"442",442,"ENSMUST00000055518.12","+",5243,6928,"STRG.398.1",1,1686,"STRG.398","",0,0
"443",443,"ENSMUST00000035532.12","+",304,2912,"STRG.399.1",2,2538,"STRG.399","",0,0
"444",444,"ENSMUST00000029024.9","+",106,1995,"STRG.400.1",1,1890,"STRG.400","",0,0
"445",445,"ENSMUST00000077353.14","+",25,1596,"STRG.401.1",1,1572,"STRG.401","",0,0
"446",446,"ENSMUST00000029165.3","+",1,1045,"STRG.402.1",1,1045,"STRG.402","",0,0
"447",447,"ENSMUST00000030427.5","+",86,2810,"STRG.403.1",1,2725,"STRG.403","",0,0
"448",448,"ENSMUST00000030427.5","+",2832,4708,"STRG.404.1",1,1877,"STRG.404","",0,0
"449",449,"ENSMUST00000020316.3","+",3,3024,"STRG.406.1",1,3022,"STRG.406","",0,0
"450",450,"ENSMUST00000219400.1","+",1541,2999,"STRG.405.1",1,1459,"STRG.405","",0,0
"451",451,"ENSMUST00000102880.4","+",40,2859,"STRG.407.1",1,2820,"STRG.407","",0,0
"452",452,"ENSMUST00000001240.11","+",5,2221,"STRG.410.1",1,2217,"STRG.410","",0,0
"453",453,"ENSMUST00000001240.11","+",2246,3612,"STRG.411.1",1,1367,"STRG.411","",0,0
"454",454,"ENSMUST00000001240.11","+",3622,5980,"STRG.412.1",1,2359,"STRG.412","",0,0
"455",455,"ENSMUST00000105389.7","+",2336,3676,"STRG.408.1",1,1341,"STRG.408","",0,0
"456",456,"ENSMUST00000026129.15","+",36,1881,"STRG.409.1",1,1846,"STRG.409","",0,0
"457",457,"ENSMUST00000020317.7","+",39,1541,"STRG.413.1",1,1503,"STRG.413","",0,0
"458",458,"ENSMUST00000109399.8","+",6394,8442,"STRG.415.1",1,2049,"STRG.415","",0,0
"459",459,"ENSMUST00000109401.7","+",5727,8447,"STRG.414.1",1,2721,"STRG.414","",0,0
"460",460,"ENSMUST00000215313.1",".",727,1103,"STRG.416.1",1,377,"STRG.416","",0,0
"461",461,"ENSMUST00000215313.1","+",1117,2268,"STRG.417.1",1,1152,"STRG.417","",0,0
"462",462,"ENSMUST00000048409.13","+",1,2605,"STRG.418.1",1,2605,"STRG.418","",0,0
"463",463,"ENSMUST00000048409.13","+",1,2605,"STRG.418.2",2,2569,"STRG.418","",0,0
"464",464,"ENSMUST00000166580.1","+",57,2238,"STRG.420.1",2,2144,"STRG.420","",0,0
"465",465,"ENSMUST00000061722.12","+",871,1473,"STRG.419.1",1,603,"STRG.419","",0,0
"466",466,"ENSMUST00000023294.14","+",562,1640,"STRG.421.1",1,1079,"STRG.421","",0,0
"467",467,"ENSMUST00000150759.7","+",2549,3688,"STRG.422.1",1,1140,"STRG.422","",0,0
"468",468,"ENSMUST00000026425.12","+",254,2432,"STRG.423.1",1,2179,"STRG.423","",0,0
"469",469,"ENSMUST00000131728.3","+",1,1616,"STRG.424.1",1,1616,"STRG.424","",0,0
"470",470,"ENSMUST00000048116.14","+",4739,7179,"STRG.425.1",1,2441,"STRG.425","",0,0
"471",471,"ENSMUST00000024983.11","+",3152,5478,"STRG.426.1",1,2327,"STRG.426","",0,0
"472",472,"ENSMUST00000122064.7","+",82,1467,"STRG.427.1",1,1386,"STRG.427","",0,0
"473",473,"ENSMUST00000145664.8","+",6713,8187,"STRG.428.1",1,1475,"STRG.428","",0,0
"474",474,"ENSMUST00000105897.9","+",5291,8175,"STRG.431.1",1,2885,"STRG.431","",0,0
"475",475,"ENSMUST00000071949.4","+",1,1267,"STRG.429.1",1,1267,"STRG.429","",0,0
"476",476,"ENSMUST00000021669.14","+",26,749,"STRG.430.1",1,724,"STRG.430","",0,0
"477",477,"ENSMUST00000021045.12",".",2648,3341,"STRG.432.1",1,694,"STRG.432","",0,0
"478",478,"ENSMUST00000043169.13",".",48,485,"STRG.433.1",1,438,"STRG.433","",0,0
"479",479,"ENSMUST00000043169.13","+",503,5446,"STRG.434.1",1,4944,"STRG.434","",0,0
"480",480,"ENSMUST00000163231.7","+",2247,5262,"STRG.435.1",1,3016,"STRG.435","",0,0
"481",481,"ENSMUST00000055454.13","+",967,2727,"STRG.436.1",1,1761,"STRG.436","",0,0
"482",482,"ENSMUST00000218004.1","+",100,6005,"STRG.437.1",2,5881,"STRG.437","",0,0
"483",483,"ENSMUST00000039810.7","+",2693,5987,"STRG.438.1",1,3295,"STRG.438","",0,0
"484",484,"ENSMUST00000058162.13",".",1588,1922,"STRG.439.1",1,335,"STRG.439","",0,0
"485",485,"ENSMUST00000058162.13","+",1934,4923,"STRG.440.1",1,2990,"STRG.440","",0,0
"486",486,"ENSMUST00000109488.7",".",2485,2909,"STRG.442.1",1,425,"STRG.442","",0,0
"487",487,"ENSMUST00000109488.7","+",3202,5864,"STRG.443.1",1,2663,"STRG.443","",0,0
"488",488,"ENSMUST00000024984.6","+",43,1846,"STRG.441.1",1,1804,"STRG.441","",0,0
"489",489,"ENSMUST00000126085.7","+",302,949,"STRG.444.1",1,648,"STRG.444","",0,0
"490",490,"ENSMUST00000154853.7",".",237,882,"STRG.445.1",1,646,"STRG.445","",0,0
"491",491,"ENSMUST00000087200.3","+",109,2839,"STRG.447.1",1,2731,"STRG.447","",0,0
"492",492,"ENSMUST00000018755.9","+",48,1182,"STRG.446.1",1,1135,"STRG.446","",0,0
"493",493,"ENSMUST00000095427.10","+",17,1922,"STRG.449.1",1,1906,"STRG.449","",0,0
"494",494,"ENSMUST00000095427.10","+",17,1922,"STRG.449.2",2,1855,"STRG.449","",0,0
"495",495,"ENSMUST00000095427.10","+",17,1922,"STRG.449.3",2,1483,"STRG.449","",0,0
"496",496,"ENSMUST00000118366.7","+",155,1867,"STRG.448.1",1,1713,"STRG.448","",0,0
"497",497,"ENSMUST00000193266.5","+",5011,6956,"STRG.452.1",1,1946,"STRG.452","",0,0
"498",498,"ENSMUST00000029303.12","+",125,4074,"STRG.455.1",1,3950,"STRG.455","",0,0
"499",499,"ENSMUST00000080202.11","+",697,1718,"STRG.450.1",1,1022,"STRG.450","",0,0
"500",500,"ENSMUST00000127882.7","+",1573,3258,"STRG.453.1",1,1686,"STRG.453","",0,0
"501",501,"ENSMUST00000133625.7",".",690,1909,"STRG.451.1",1,1220,"STRG.451","",0,0
"502",502,"ENSMUST00000134255.7",".",209,1868,"STRG.454.1",1,1660,"STRG.454","",0,0
"503",503,"ENSMUST00000044166.8","+",2000,3533,"STRG.457.1",1,1534,"STRG.457","",0,0
"504",504,"ENSMUST00000040907.6",".",1059,1764,"STRG.456.1",1,706,"STRG.456","",0,0
"505",505,"ENSMUST00000058866.7","+",751,2092,"STRG.458.1",1,1342,"STRG.458","",0,0
"506",506,"ENSMUST00000089185.5","+",68,3075,"STRG.459.1",1,3008,"STRG.459","",0,0
"507",507,"ENSMUST00000178687.1","+",1677,4869,"STRG.460.1",1,3193,"STRG.460","",0,0
"508",508,"ENSMUST00000103179.9","+",4057,5749,"STRG.461.1",1,1693,"STRG.461","",0,0
"509",509,"ENSMUST00000112523.7","+",734,3703,"STRG.464.1",1,2970,"STRG.464","",0,0
"510",510,"ENSMUST00000008297.4","+",53,4010,"STRG.463.1",1,3958,"STRG.463","",0,0
"511",511,"ENSMUST00000023482.12","+",501,2096,"STRG.462.1",1,1596,"STRG.462","",0,0
"512",512,"ENSMUST00000075303.6","+",12,1889,"STRG.465.1",1,1878,"STRG.465","",0,0
"513",513,"ENSMUST00000056889.14","+",3364,6697,"STRG.467.1",1,3334,"STRG.467","",0,0
"514",514,"ENSMUST00000112390.7","+",4877,6535,"STRG.466.1",1,1659,"STRG.466","",0,0
"515",515,"ENSMUST00000018711.14","+",253,1351,"STRG.468.1",1,1099,"STRG.468","",0,0
"516",516,"ENSMUST00000018711.14","+",253,1351,"STRG.468.2",2,1086,"STRG.468","",0,0
"517",517,"ENSMUST00000018711.14","+",253,1351,"STRG.468.3",2,1082,"STRG.468","",0,0
"518",518,"ENSMUST00000144443.1","+",8,931,"STRG.469.1",2,786,"STRG.469","",0,0
"519",519,"ENSMUST00000039836.14",".",39,438,"STRG.470.1",1,400,"STRG.470","",0,0
"520",520,"ENSMUST00000039836.14","+",451,2103,"STRG.471.1",1,1653,"STRG.471","",0,0
"521",521,"ENSMUST00000105351.1","+",46,2096,"STRG.472.1",1,2051,"STRG.472","",0,0
"522",522,"ENSMUST00000051633.2","+",1023,2981,"STRG.473.1",1,1959,"STRG.473","",0,0
"523",523,"ENSMUST00000022197.14","+",370,4259,"STRG.474.1",1,3890,"STRG.474","",0,0
"524",524,"ENSMUST00000082059.6","+",2568,6009,"STRG.476.1",1,3442,"STRG.476","",0,0
"525",525,"ENSMUST00000172633.7","-",1780,2758,"STRG.475.1",1,979,"STRG.475","",0,0
"526",526,"ENSMUST00000080015.11","+",1,1749,"STRG.477.1",1,1749,"STRG.477","",0,0
"527",527,"ENSMUST00000017637.12","+",444,2094,"STRG.478.1",1,1651,"STRG.478","",0,0
"528",528,"ENSMUST00000034982.15","+",5036,7351,"STRG.479.1",1,2316,"STRG.479","",0,0
"529",529,"ENSMUST00000145327.1","+",87,579,"STRG.480.1",1,493,"STRG.480","",0,0
"530",530,"ENSMUST00000041643.3",".",96,2352,"STRG.481.1",1,2257,"STRG.481","",0,0
"531",531,"ENSMUST00000041643.3",".",2360,2693,"STRG.482.1",1,334,"STRG.482","",0,0
"532",532,"ENSMUST00000041643.3",".",3208,3606,"STRG.484.1",1,399,"STRG.484","",0,0
"533",533,"ENSMUST00000105350.2","+",471,3266,"STRG.485.1",1,2796,"STRG.485","",0,0
"534",534,"ENSMUST00000219591.1","+",1,594,"STRG.483.1",1,594,"STRG.483","",0,0
"535",535,"ENSMUST00000026420.6","+",258,681,"STRG.486.1",1,424,"STRG.486","",0,0
"536",536,"ENSMUST00000019975.13","+",1417,2609,"STRG.487.1",1,1193,"STRG.487","",0,0
"537",537,"ENSMUST00000019975.13","+",1417,2609,"STRG.487.2",2,1180,"STRG.487","",0,0
"538",538,"ENSMUST00000105509.1","+",1583,2718,"STRG.489.1",1,1136,"STRG.489","",0,0
"539",539,"ENSMUST00000105509.1","+",1583,2718,"STRG.489.2",2,1125,"STRG.489","",0,0
"540",540,"ENSMUST00000105509.1","+",1583,2718,"STRG.489.3",2,1123,"STRG.489","",0,0
"541",541,"ENSMUST00000119229.7","+",5214,6019,"STRG.488.1",1,806,"STRG.488","",0,0
"542",542,"ENSMUST00000113481.8","+",4564,7858,"STRG.491.1",1,3295,"STRG.491","",0,0
"543",543,"ENSMUST00000138127.7","+",230,3934,"STRG.492.1",1,3705,"STRG.492","",0,0
"544",544,"ENSMUST00000102678.4","+",195,1463,"STRG.490.1",1,1269,"STRG.490","",0,0
"545",545,"ENSMUST00000110636.8","+",718,4117,"STRG.494.1",1,3400,"STRG.494","",0,0
"546",546,"ENSMUST00000110637.7","+",1620,3770,"STRG.493.1",1,2151,"STRG.493","",0,0
"547",547,"ENSMUST00000110638.7","+",85,4003,"STRG.498.1",1,3919,"STRG.498","",0,0
"548",548,"ENSMUST00000062658.14","+",1080,3743,"STRG.497.1",1,2664,"STRG.497","",0,0
"549",549,"ENSMUST00000137932.1","+",1942,4353,"STRG.495.1",1,2412,"STRG.495","",0,0
"550",550,"ENSMUST00000110635.7","+",2918,3818,"STRG.496.1",1,901,"STRG.496","",0,0
"551",551,"ENSMUST00000020268.6","+",1034,4321,"STRG.500.1",1,3288,"STRG.500","",0,0
"552",552,"ENSMUST00000219527.1","+",1629,3852,"STRG.499.1",1,2224,"STRG.499","",0,0
"553",553,"ENSMUST00000047285.6","+",33,2799,"STRG.501.1",1,2767,"STRG.501","",0,0
"554",554,"ENSMUST00000002128.13","+",49,1368,"STRG.502.1",1,1320,"STRG.502","",0,0
"555",555,"ENSMUST00000108322.8","+",1,1685,"STRG.503.1",1,1685,"STRG.503","",0,0
"556",556,"ENSMUST00000125172.7","+",52,1799,"STRG.504.1",1,1748,"STRG.504","",0,0
"557",557,"ENSMUST00000067530.4","+",74,2055,"STRG.505.1",1,1982,"STRG.505","",0,0
"558",558,"ENSMUST00000059768.16","+",6575,9938,"STRG.507.1",1,3364,"STRG.507","",0,0
"559",559,"ENSMUST00000142997.7","+",189,1095,"STRG.506.1",1,907,"STRG.506","",0,0
"560",560,"ENSMUST00000029106.12","+",3511,5309,"STRG.508.1",1,1799,"STRG.508","",0,0
"561",561,"ENSMUST00000015620.6","+",336,1940,"STRG.510.1",1,1605,"STRG.510","",0,0
"562",562,"ENSMUST00000054764.8",".",2233,2494,"STRG.509.1",1,262,"STRG.509","",0,0
"563",563,"ENSMUST00000087908.9","+",2768,3753,"STRG.511.1",1,986,"STRG.511","",0,0
"564",564,"ENSMUST00000044638.12","+",1740,3647,"STRG.512.1",1,1908,"STRG.512","",0,0
"565",565,"ENSMUST00000074628.12","+",17,1826,"STRG.513.1",1,1810,"STRG.513","",0,0
"566",566,"ENSMUST00000074628.12","+",17,1826,"STRG.513.2",2,1675,"STRG.513","",0,0
"567",567,"ENSMUST00000074628.12","+",17,1826,"STRG.513.3",2,1799,"STRG.513","",0,0
"568",568,"ENSMUST00000074628.12","+",17,1826,"STRG.513.4",2,1797,"STRG.513","",0,0
"569",569,"ENSMUST00000095668.9",".",55,859,"STRG.514.1",1,805,"STRG.514","",0,0
"570",570,"ENSMUST00000095668.9",".",861,1466,"STRG.515.1",1,606,"STRG.515","",0,0
"571",571,"ENSMUST00000106822.1",".",547,983,"STRG.516.1",1,437,"STRG.516","",0,0
"572",572,"ENSMUST00000106822.1",".",998,1858,"STRG.517.1",1,861,"STRG.517","",0,0
"573",573,"ENSMUST00000041059.11","+",63,3188,"STRG.519.1",1,3126,"STRG.519","",0,0
"574",574,"ENSMUST00000103140.4","+",1218,3073,"STRG.518.1",1,1856,"STRG.518","",0,0
"575",575,"ENSMUST00000000727.3","+",1,3180,"STRG.520.1",1,3180,"STRG.520","",0,0
"576",576,"ENSMUST00000000727.3","+",1,3180,"STRG.520.2",2,3168,"STRG.520","",0,0
"577",577,"ENSMUST00000000727.3","+",1,3180,"STRG.520.3",2,3169,"STRG.520","",0,0
"578",578,"ENSMUST00000000727.3","+",1,3180,"STRG.520.4",2,3166,"STRG.520","",0,0
"579",579,"ENSMUST00000028835.12","+",5,1924,"STRG.521.1",1,1920,"STRG.521","",0,0
"580",580,"ENSMUST00000140299.2","+",369,2433,"STRG.524.1",1,2065,"STRG.524","",0,0
"581",581,"ENSMUST00000038772.12",".",15,262,"STRG.522.1",1,248,"STRG.522","",0,0
"582",582,"ENSMUST00000038772.12",".",368,1546,"STRG.523.1",1,1179,"STRG.523","",0,0
"583",583,"ENSMUST00000015605.14","+",1173,2538,"STRG.525.1",1,1366,"STRG.525","",0,0
"584",584,"ENSMUST00000025010.13","+",1449,2552,"STRG.526.1",1,1104,"STRG.526","",0,0
"585",585,"ENSMUST00000103133.3","+",588,2919,"STRG.529.1",2,2227,"STRG.529","",0,0
"586",586,"ENSMUST00000043552.16","+",202,1538,"STRG.528.1",1,1337,"STRG.528","",0,0
"587",587,"ENSMUST00000017188.13",".",242,1502,"STRG.527.1",1,1261,"STRG.527","",0,0
"588",588,"ENSMUST00000167163.7","+",265,1645,"STRG.530.1",1,1381,"STRG.530","",0,0
"589",589,"ENSMUST00000106128.6","+",1794,5783,"STRG.531.1",1,3990,"STRG.531","",0,0
"590",590,"ENSMUST00000200216.4","+",225,2300,"STRG.532.1",1,2076,"STRG.532","",0,0
"591",591,"ENSMUST00000025014.8","+",1,1048,"STRG.533.1",1,1048,"STRG.533","",0,0
"592",592,"ENSMUST00000106441.7","+",1,2192,"STRG.534.1",1,2192,"STRG.534","",0,0
"593",593,"ENSMUST00000020372.5","+",14,445,"STRG.535.1",1,432,"STRG.535","",0,0
"594",594,"ENSMUST00000141683.1","+",1,605,"STRG.536.1",2,409,"STRG.536","",0,0
"595",595,"ENSMUST00000138428.7","+",1,520,"STRG.537.1",2,381,"STRG.537","",0,0
"596",596,"ENSMUST00000059026.9","+",267,1890,"STRG.538.1",1,1624,"STRG.538","",0,0
"597",597,"ENSMUST00000079324.13","+",1,2530,"STRG.542.1",1,2530,"STRG.542","",0,0
"598",598,"ENSMUST00000079324.13","+",1,2530,"STRG.542.2",2,2519,"STRG.542","",0,0
"599",599,"ENSMUST00000079324.13","+",1,2530,"STRG.542.3",2,2516,"STRG.542","",0,0
"600",600,"ENSMUST00000079324.13","+",1,2530,"STRG.542.4",2,2518,"STRG.542","",0,0
"601",601,"ENSMUST00000053855.7","+",79,1229,"STRG.539.1",1,1151,"STRG.539","",0,0
"602",602,"ENSMUST00000053855.7",".",1250,2712,"STRG.540.1",1,1463,"STRG.540","",0,0
"603",603,"ENSMUST00000055294.3","+",1318,3741,"STRG.541.1",1,2424,"STRG.541","",0,0
"604",604,"ENSMUST00000219374.1","+",518,1852,"STRG.543.1",1,1335,"STRG.543","",0,0
"605",605,"ENSMUST00000062678.10","+",49,1984,"STRG.546.1",1,1936,"STRG.546","",0,0
"606",606,"ENSMUST00000062678.10","+",49,1984,"STRG.546.2",2,1918,"STRG.546","",0,0
"607",607,"ENSMUST00000018716.9","+",62,2003,"STRG.545.1",1,1942,"STRG.545","",0,0
"608",608,"ENSMUST00000101526.8","+",761,1650,"STRG.544.1",1,890,"STRG.544","",0,0
"609",609,"ENSMUST00000153684.7","+",446,1793,"STRG.547.1",1,1348,"STRG.547","",0,0
"610",610,"ENSMUST00000111725.7",".",342,870,"STRG.548.1",1,529,"STRG.548","",0,0
"611",611,"ENSMUST00000111724.7","+",336,1610,"STRG.549.1",1,1275,"STRG.549","",0,0
"612",612,"ENSMUST00000103132.9","+",470,3072,"STRG.550.1",2,2586,"STRG.550","",0,0
"613",613,"ENSMUST00000078525.6","+",7332,9664,"STRG.551.1",1,2333,"STRG.551","",0,0
"614",614,"ENSMUST00000061796.7","+",13,1782,"STRG.552.1",1,1770,"STRG.552","",0,0
"615",615,"ENSMUST00000032399.11","+",20,4678,"STRG.556.1",1,4659,"STRG.556","",0.044467,0.894741
"616",616,"ENSMUST00000163377.9",".",430,1102,"STRG.553.1",1,673,"STRG.553","",0,0
"617",617,"ENSMUST00000218218.1","+",94,1098,"STRG.554.1",1,1005,"STRG.554","",0,0
"618",618,"ENSMUST00000106439.1","+",6,1399,"STRG.555.1",1,1394,"STRG.555","",0,0
"619",619,"ENSMUST00000142550.7","+",1,1398,"STRG.557.1",1,1398,"STRG.557","",0,0
"620",620,"ENSMUST00000047034.8","+",5525,6955,"STRG.558.1",1,1431,"STRG.558","",0,0
"621",621,"ENSMUST00000117061.7","+",119,4133,"STRG.560.1",1,4015,"STRG.560","",0,0
"622",622,"ENSMUST00000120878.8","+",3,1805,"STRG.559.1",1,1803,"STRG.559","",0,0
"623",623,"ENSMUST00000108987.7","+",171,2248,"STRG.561.1",1,2078,"STRG.561","",0,0
"624",624,"ENSMUST00000121334.7","+",132,2801,"STRG.563.1",1,2670,"STRG.563","",0,0
"625",625,"ENSMUST00000005185.7","+",22,603,"STRG.562.1",1,582,"STRG.562","",0,0
"626",626,"ENSMUST00000043814.4","+",8,3282,"STRG.565.1",1,3275,"STRG.565","",0,0
"627",627,"ENSMUST00000044415.15","+",740,2091,"STRG.564.1",1,1352,"STRG.564","",0,0
"628",628,"ENSMUST00000041616.14","+",65,1310,"STRG.566.1",1,1246,"STRG.566","",0,0
"629",629,"ENSMUST00000041616.14","+",2753,5121,"STRG.567.1",1,2369,"STRG.567","",0,0
"630",630,"ENSMUST00000026409.4","+",1,1045,"STRG.569.1",1,1045,"STRG.569","",0,0
"631",631,"ENSMUST00000219215.1",".",112,1051,"STRG.568.1",1,940,"STRG.568","",0,0
"632",632,"ENSMUST00000152700.7","+",1,846,"STRG.570.1",2,704,"STRG.570","",0,0
"633",633,"ENSMUST00000141169.1","+",3,784,"STRG.571.1",2,694,"STRG.571","",0,0
"634",634,"ENSMUST00000067918.11",".",4247,5271,"STRG.572.1",1,1025,"STRG.572","",0,0
"635",635,"ENSMUST00000067918.11","+",5289,6363,"STRG.573.1",1,1075,"STRG.573","",0,0
"636",636,"ENSMUST00000166726.7","+",4346,5966,"STRG.574.1",1,1621,"STRG.574","",0,0
"637",637,"ENSMUST00000220381.1",".",14,433,"STRG.575.1",1,420,"STRG.575","",0,0
"638",638,"ENSMUST00000220381.1","+",625,1084,"STRG.576.1",1,460,"STRG.576","",0,0
"639",639,"ENSMUST00000105230.3","+",29,913,"STRG.578.1",1,885,"STRG.578","",0,0
"640",640,"ENSMUST00000219512.1",".",26,952,"STRG.577.1",1,927,"STRG.577","",0,0
"641",641,"ENSMUST00000028623.12","+",985,2867,"STRG.579.1",1,1883,"STRG.579","",0,0
"642",642,"ENSMUST00000149163.7","+",13,2394,"STRG.581.1",1,2382,"STRG.581","",0,0
"643",643,"ENSMUST00000149163.7","+",13,2394,"STRG.581.2",2,2322,"STRG.581","",0,0
"644",644,"ENSMUST00000069712.8","+",18,1443,"STRG.580.1",1,1426,"STRG.580","",0,0
"645",645,"ENSMUST00000108799.9","+",1,983,"STRG.582.1",1,983,"STRG.582","",0,0
"646",646,"ENSMUST00000179555.7",".",4193,6794,"STRG.583.1",1,2602,"STRG.583","",0,0
"647",647,"ENSMUST00000005606.7","+",5,2276,"STRG.585.1",1,2272,"STRG.585","",0,0
"648",648,"ENSMUST00000005606.7","+",5,2276,"STRG.585.2",2,2260,"STRG.585","",0,0
"649",649,"ENSMUST00000005606.7","+",5,2276,"STRG.585.3",2,2247,"STRG.585","",0,0
"650",650,"ENSMUST00000005606.7","+",5,2276,"STRG.585.4",3,2240,"STRG.585","",0,0
"651",651,"ENSMUST00000183078.7",".",1984,3054,"STRG.584.1",1,1071,"STRG.584","",0,0
"652",652,"ENSMUST00000207601.1",".",538,1265,"STRG.586.1",1,728,"STRG.586","",0,0
"653",653,"ENSMUST00000194555.5","+",8,2430,"STRG.588.1",1,2423,"STRG.588","",0,0
"654",654,"ENSMUST00000194555.5","+",8,2430,"STRG.588.2",2,2346,"STRG.588","",0,0
"655",655,"ENSMUST00000195324.5","+",660,2207,"STRG.587.1",1,1548,"STRG.587","",0,0
"656",656,"ENSMUST00000102536.10","+",5,618,"STRG.591.1",1,614,"STRG.591","",0,0
"657",657,"ENSMUST00000125726.7","+",279,790,"STRG.589.1",1,512,"STRG.589","",0,0
"658",658,"ENSMUST00000032585.7","+",69,1294,"STRG.590.1",1,1226,"STRG.590","",0,0
"659",659,"ENSMUST00000036999.9","+",2568,4893,"STRG.592.1",1,2326,"STRG.592","",0,0
"660",660,"ENSMUST00000100647.6","+",1133,4994,"STRG.593.1",1,3862,"STRG.593","",0,0
"661",661,"ENSMUST00000026135.14","+",50,1782,"STRG.594.1",1,1733,"STRG.594","",0,0
"662",662,"ENSMUST00000017741.3","+",988,1849,"STRG.595.1",1,862,"STRG.595","",0,0
"663",663,"ENSMUST00000048187.5","+",6,541,"STRG.596.1",1,536,"STRG.596","",0,0
"664",664,"ENSMUST00000093393.4","+",422,5334,"STRG.597.1",1,4913,"STRG.597","",0,0
"665",665,"ENSMUST00000017920.13","+",60,3642,"STRG.598.1",1,3583,"STRG.598","",0,0
"666",666,"ENSMUST00000108425.7","+",16,4287,"STRG.601.1",1,4272,"STRG.601","",0,0
"667",667,"ENSMUST00000037708.9","+",2072,2461,"STRG.599.1",1,390,"STRG.599","",0,0
"668",668,"ENSMUST00000057454.3","+",39,616,"STRG.600.1",1,578,"STRG.600","",0,0
"669",669,"ENSMUST00000039627.11","+",5087,7611,"STRG.602.1",1,2525,"STRG.602","",0,0
"670",670,"ENSMUST00000100644.9","+",1564,7390,"STRG.604.1",1,5827,"STRG.604","",0,0
"671",671,"ENSMUST00000142329.7","+",1001,2312,"STRG.603.1",1,1312,"STRG.603","",0,0
"672",672,"ENSMUST00000148814.7","+",1,2678,"STRG.606.1",2,2486,"STRG.606","",0,0
"673",673,"ENSMUST00000210523.1","+",3,1341,"STRG.605.1",1,1339,"STRG.605","",0,0
"674",674,"ENSMUST00000095228.3","+",3,2071,"STRG.607.1",1,2069,"STRG.607","",0,0
"675",675,"ENSMUST00000119068.7","+",46,3201,"STRG.608.1",1,3156,"STRG.608","",0,0
"676",676,"ENSMUST00000119068.7","+",46,3201,"STRG.608.2",2,3145,"STRG.608","",0,0
"677",677,"ENSMUST00000093480.5","+",341,3017,"STRG.609.1",1,2677,"STRG.609","",0,0
"678",678,"ENSMUST00000106946.7","+",269,4360,"STRG.611.1",1,4092,"STRG.611","",0,0
"679",679,"ENSMUST00000106945.7","+",2183,4175,"STRG.610.1",1,1993,"STRG.610","",0,0
"680",680,"ENSMUST00000062117.13","+",1810,4191,"STRG.612.1",1,2382,"STRG.612","",0,0
"681",681,"ENSMUST00000019050.11","+",69,2230,"STRG.613.1",1,2162,"STRG.613","",0,0
"682",682,"ENSMUST00000073792.10","+",3849,6295,"STRG.617.1",1,2447,"STRG.617","",0,0
"683",683,"ENSMUST00000073792.10","+",6387,9299,"STRG.618.1",1,2913,"STRG.618","",0,0
"684",684,"ENSMUST00000222536.1","+",2339,3970,"STRG.614.1",1,1632,"STRG.614","",0,0
"685",685,"ENSMUST00000041093.5",".",5853,7082,"STRG.615.1",1,1230,"STRG.615","",0,0
"686",686,"ENSMUST00000035325.14",".",2400,3334,"STRG.616.1",1,935,"STRG.616","",0,0
"687",687,"ENSMUST00000223993.1",".",766,1735,"STRG.619.1",1,970,"STRG.619","",0,0
"688",688,"ENSMUST00000223993.1","+",1753,3257,"STRG.620.1",1,1505,"STRG.620","",0,0
"689",689,"ENSMUST00000073150.5","+",4451,5671,"STRG.621.1",1,1221,"STRG.621","",0,0
"690",690,"ENSMUST00000093962.4","+",2489,3740,"STRG.623.1",1,1252,"STRG.623","",0,0
"691",691,"ENSMUST00000110874.7","+",4145,5298,"STRG.622.1",1,1154,"STRG.622","",0,0
"692",692,"ENSMUST00000112682.3","+",16,1911,"STRG.624.1",1,1896,"STRG.624","",0,0
"693",693,"ENSMUST00000217034.1","+",4155,6026,"STRG.625.1",1,1872,"STRG.625","",0,0
"694",694,"ENSMUST00000170489.1","+",4038,6062,"STRG.626.1",1,2025,"STRG.626","",0,0
"695",695,"ENSMUST00000203527.1","+",1333,1990,"STRG.627.1",1,658,"STRG.627","",0,0
"696",696,"ENSMUST00000019354.10","+",3,1312,"STRG.630.1",1,1310,"STRG.630","",0,0
"697",697,"ENSMUST00000203783.2","+",345,814,"STRG.628.1",1,470,"STRG.628","",0,0
"698",698,"ENSMUST00000130871.1","+",5254,6509,"STRG.629.1",1,1256,"STRG.629","",0,0
"699",699,"ENSMUST00000024817.13","+",29,2072,"STRG.631.1",1,2044,"STRG.631","",0,0
"700",700,"ENSMUST00000067664.9","+",70,2084,"STRG.632.1",1,2015,"STRG.632","",0,0
"701",701,"ENSMUST00000067664.9","+",70,2084,"STRG.632.2",2,1985,"STRG.632","",0,0
"702",702,"ENSMUST00000067664.9","+",70,2084,"STRG.632.3",2,1996,"STRG.632","",0,0
"703",703,"ENSMUST00000024816.12","+",73,3752,"STRG.634.1",1,3680,"STRG.634","",0,0
"704",704,"ENSMUST00000024816.12","-",3835,6371,"STRG.635.1",1,2537,"STRG.635","",0,0
"705",705,"ENSMUST00000138939.1","+",1669,3063,"STRG.633.1",1,1395,"STRG.633","",0,0
"706",706,"ENSMUST00000050850.13","+",60,3187,"STRG.636.1",1,3128,"STRG.636","",0,0
"707",707,"ENSMUST00000107366.1","+",729,3191,"STRG.638.1",1,2463,"STRG.638","",0,0
"708",708,"ENSMUST00000080812.13","+",28,1821,"STRG.637.1",1,1794,"STRG.637","",0,0
"709",709,"ENSMUST00000102992.9",".",21,1467,"STRG.639.1",1,1447,"STRG.639","",0,0
"710",710,"ENSMUST00000102992.9",".",1504,1865,"STRG.640.1",1,362,"STRG.640","",0,0
"711",711,"ENSMUST00000080771.9","+",17,2844,"STRG.641.1",1,2828,"STRG.641","",0,0
"712",712,"ENSMUST00000079205.13","+",1435,2892,"STRG.642.1",1,1458,"STRG.642","",0,0
"713",713,"ENSMUST00000094818.3","+",658,3065,"STRG.644.1",1,2408,"STRG.644","",0,0
"714",714,"ENSMUST00000143496.7","+",461,3308,"STRG.643.1",1,2848,"STRG.643","",0,0
"715",715,"ENSMUST00000048677.7","+",2667,3580,"STRG.645.1",1,914,"STRG.645","",0,0
"716",716,"ENSMUST00000025050.12","+",23,2218,"STRG.646.1",1,2196,"STRG.646","",0,0
"717",717,"ENSMUST00000025050.12","+",23,2218,"STRG.646.2",2,2183,"STRG.646","",0,0
"718",718,"ENSMUST00000025050.12","+",23,2218,"STRG.646.3",2,2178,"STRG.646","",0,0
"719",719,"ENSMUST00000231742.1","+",639,1520,"STRG.647.1",1,882,"STRG.647","",0,0
"720",720,"ENSMUST00000230445.1","+",59,2795,"STRG.648.1",1,2737,"STRG.648","",0,0
"721",721,"ENSMUST00000051226.7","+",74,2879,"STRG.649.1",1,2806,"STRG.649","",0,0
"722",722,"ENSMUST00000163507.7","+",527,2816,"STRG.651.1",1,2290,"STRG.651","",0,0
"723",723,"ENSMUST00000127507.7",".",558,1815,"STRG.650.1",1,1258,"STRG.650","",0,0
"724",724,"ENSMUST00000046644.6","+",23,558,"STRG.652.1",1,536,"STRG.652","",0,0
"725",725,"ENSMUST00000220819.1","+",1,624,"STRG.654.1",2,550,"STRG.654","",0,0
"726",726,"ENSMUST00000220825.1","+",99,497,"STRG.653.1",1,399,"STRG.653","",0,0
"727",727,"ENSMUST00000103221.9","+",3000,8564,"STRG.658.1",1,5565,"STRG.658","",0,0
"728",728,"ENSMUST00000075806.10","+",2291,4592,"STRG.655.1",1,2302,"STRG.655","",0,0
"729",729,"ENSMUST00000233439.1",".",2119,2349,"STRG.656.1",1,231,"STRG.656","",0,0
"730",730,"ENSMUST00000233439.1","+",2457,3451,"STRG.657.1",1,995,"STRG.657","",0,0
"731",731,"ENSMUST00000100309.2","+",2784,6644,"STRG.660.1",1,3861,"STRG.660","",0,0
"732",732,"ENSMUST00000231200.1","+",3949,6457,"STRG.659.1",1,2509,"STRG.659","",0,0
"733",733,"ENSMUST00000106155.3",".",71,661,"STRG.661.1",1,591,"STRG.661","",0,0
"734",734,"ENSMUST00000026137.7",".",179,680,"STRG.662.1",1,502,"STRG.662","",0,0
"735",735,"ENSMUST00000072334.11","+",71,4952,"STRG.663.1",1,4882,"STRG.663","",0,0
"736",736,"ENSMUST00000072334.11","+",5750,6578,"STRG.664.1",1,829,"STRG.664","",0,0
"737",737,"ENSMUST00000116365.8",".",752,1058,"STRG.665.1",1,307,"STRG.665","",0,0
"738",738,"ENSMUST00000232873.1","+",255,968,"STRG.666.1",1,714,"STRG.666","",0,0
"739",739,"ENSMUST00000233752.1","+",1,993,"STRG.668.1",2,691,"STRG.668","",0,0
"740",740,"ENSMUST00000071006.8","+",4,745,"STRG.667.1",1,742,"STRG.667","",0,0
"741",741,"ENSMUST00000109096.8","+",911,2465,"STRG.669.1",1,1555,"STRG.669","",0,0
"742",742,"ENSMUST00000087876.10","+",2442,3718,"STRG.670.1",1,1277,"STRG.670","",0,0
"743",743,"ENSMUST00000156623.7","+",67,1427,"STRG.671.1",1,1361,"STRG.671","",0,0
"744",744,"ENSMUST00000133356.7","+",1,779,"STRG.672.1",1,779,"STRG.672","",0,0
"745",745,"ENSMUST00000087871.10","+",2066,3903,"STRG.674.1",1,1838,"STRG.674","",0,0
"746",746,"ENSMUST00000087871.10","+",2066,3903,"STRG.674.2",2,1827,"STRG.674","",0,0
"747",747,"ENSMUST00000109085.7","+",568,1789,"STRG.673.1",1,1222,"STRG.673","",0,0
"748",748,"ENSMUST00000109084.7","+",414,1695,"STRG.676.1",1,1282,"STRG.676","",0,0
"749",749,"ENSMUST00000109083.1","+",1,730,"STRG.675.1",1,730,"STRG.675","",0,0
"750",750,"ENSMUST00000185956.6","+",2454,3729,"STRG.677.1",1,1276,"STRG.677","",0,0
"751",751,"ENSMUST00000109087.7","+",8,1716,"STRG.678.1",1,1709,"STRG.678","",0,0
"752",752,"ENSMUST00000109087.7","+",8,1716,"STRG.678.2",2,1698,"STRG.678","",0,0
"753",753,"ENSMUST00000180362.7","+",1343,1617,"STRG.679.1",1,275,"STRG.679","",0,0
"754",754,"ENSMUST00000032898.8","+",19,4518,"STRG.680.1",1,4500,"STRG.680","",0,0
"755",755,"ENSMUST00000228277.1","+",1748,4112,"STRG.681.1",1,2365,"STRG.681","",0,0
"756",756,"ENSMUST00000114849.2","+",6306,8625,"STRG.682.1",1,2320,"STRG.682","",0,0
"757",757,"ENSMUST00000048377.10","+",3446,5598,"STRG.684.1",1,2153,"STRG.684","",0,0
"758",758,"ENSMUST00000026139.13","+",21,2470,"STRG.683.1",1,2450,"STRG.683","",0,0
"759",759,"ENSMUST00000113575.8","+",26,2185,"STRG.685.1",1,2160,"STRG.685","",0,0
"760",760,"ENSMUST00000050899.6","+",818,2444,"STRG.686.1",1,1627,"STRG.686","",0,0
"761",761,"ENSMUST00000044977.9","+",331,3136,"STRG.687.1",1,2806,"STRG.687","",0,0
"762",762,"ENSMUST00000026408.6","+",1059,2320,"STRG.689.1",1,1262,"STRG.689","",0,0
"763",763,"ENSMUST00000026408.6",".",2339,3356,"STRG.690.1",1,1018,"STRG.690","",0,0
"764",764,"ENSMUST00000026408.6","+",3369,4043,"STRG.691.1",1,675,"STRG.691","",0,0
"765",765,"ENSMUST00000114842.8","+",3769,5685,"STRG.688.1",1,1917,"STRG.688","",0,0
"766",766,"ENSMUST00000105229.8","+",81,1040,"STRG.692.1",1,960,"STRG.692","",0,0
"767",767,"ENSMUST00000026407.8","+",198,1063,"STRG.693.1",1,866,"STRG.693","",0,0
"768",768,"ENSMUST00000044443.14","+",2186,4595,"STRG.696.1",1,2410,"STRG.696","",0,0
"769",769,"ENSMUST00000044443.14","+",4704,5775,"STRG.697.1",1,1072,"STRG.697","",0,0
"770",770,"ENSMUST00000044443.14","+",4704,5775,"STRG.697.2",2,1060,"STRG.697","",0,0
"771",771,"ENSMUST00000182588.4",".",824,1179,"STRG.694.1",1,356,"STRG.694","",0,0
"772",772,"ENSMUST00000182588.4","+",1303,2358,"STRG.695.1",1,1056,"STRG.695","",0,0
"773",773,"ENSMUST00000182078.8","+",13249,14305,"STRG.699.1",1,1057,"STRG.699","",0,0
"774",774,"ENSMUST00000182078.8","+",13249,14305,"STRG.699.2",2,1044,"STRG.699","",0,0
"775",775,"ENSMUST00000114153.1","+",4,1099,"STRG.698.1",2,721,"STRG.698","",0,0
"776",776,"ENSMUST00000015433.3","+",19,752,"STRG.700.1",1,734,"STRG.700","",0,0
"777",777,"ENSMUST00000038439.3","+",25,998,"STRG.701.1",1,974,"STRG.701","",0,0
"778",778,"ENSMUST00000117944.1","+",649,1612,"STRG.703.1",1,964,"STRG.703","",0,0
"779",779,"ENSMUST00000053116.6","+",166,1681,"STRG.704.1",1,1516,"STRG.704","",0,0
"780",780,"ENSMUST00000091201.6","+",2984,3360,"STRG.702.1",1,377,"STRG.702","",0,0
"781",781,"ENSMUST00000029722.6","+",70,977,"STRG.706.1",1,908,"STRG.706","",0,0
"782",782,"ENSMUST00000102519.4","+",1185,1502,"STRG.705.1",1,318,"STRG.705","",0,0
"783",783,"ENSMUST00000218875.1","+",419,3020,"STRG.707.1",4,2246,"STRG.707","",0,0
"784",784,"ENSMUST00000218875.1","+",419,3020,"STRG.707.2",4,2244,"STRG.707","",0,0
"785",785,"ENSMUST00000026405.9","+",1,550,"STRG.708.1",1,550,"STRG.708","",0,0
"786",786,"ENSMUST00000006629.13","+",4344,8461,"STRG.710.1",1,4118,"STRG.710","",0,0
"787",787,"ENSMUST00000006629.13","+",4344,8461,"STRG.710.2",2,4100,"STRG.710","",0,0
"788",788,"ENSMUST00000102838.9",".",8419,9047,"STRG.709.1",1,629,"STRG.709","",0,0
"789",789,"ENSMUST00000145315.1",".",1599,1971,"STRG.711.1",1,373,"STRG.711","",0,0
"790",790,"ENSMUST00000145315.1","+",1973,2956,"STRG.712.1",1,984,"STRG.712","",0,0
"791",791,"ENSMUST00000011877.12","+",4207,8236,"STRG.713.1",1,4030,"STRG.713","",0,0
"792",792,"ENSMUST00000011877.12","+",4207,8236,"STRG.713.2",2,4012,"STRG.713","",0,0
"793",793,"ENSMUST00000011877.12","+",4207,8236,"STRG.713.3",2,4011,"STRG.713","",0,0
"794",794,"ENSMUST00000107153.2","+",7778,11121,"STRG.714.1",1,3344,"STRG.714","",0,0
"795",795,"ENSMUST00000023478.7","+",2024,3436,"STRG.715.1",2,1395,"STRG.715","",0,0
"796",796,"ENSMUST00000163779.7","+",23,1188,"STRG.716.1",1,1166,"STRG.716","",0,0
"797",797,"ENSMUST00000114268.4","+",110,1280,"STRG.717.1",1,1171,"STRG.717","",0,0
"798",798,"ENSMUST00000018156.11","+",16,1071,"STRG.718.1",1,1056,"STRG.718","",0,0
"799",799,"ENSMUST00000013693.10","+",2,1456,"STRG.719.1",1,1455,"STRG.719","",0,0
"800",800,"ENSMUST00000199767.4","+",12,1536,"STRG.720.1",2,1425,"STRG.720","",0,0
"801",801,"ENSMUST00000026506.4","+",28,1500,"STRG.721.1",1,1473,"STRG.721","",0,0
"802",802,"ENSMUST00000205667.1","+",751,1078,"STRG.722.1",1,328,"STRG.722","",0,0
"803",803,"ENSMUST00000066587.11","+",273,3987,"STRG.723.1",1,3715,"STRG.723","",0,0
"804",804,"ENSMUST00000072948.10","+",1627,3743,"STRG.724.1",1,2117,"STRG.724","",0,0
"805",805,"ENSMUST00000148601.1","+",417,3538,"STRG.726.1",1,3122,"STRG.726","",0,0
"806",806,"ENSMUST00000130229.7","+",1010,3292,"STRG.725.1",1,2283,"STRG.725","",0,0
"807",807,"ENSMUST00000106148.9","+",1,815,"STRG.727.1",1,815,"STRG.727","",0,0
"808",808,"ENSMUST00000027810.13","+",22,2636,"STRG.729.1",1,2615,"STRG.729","",0,0
"809",809,"ENSMUST00000145600.1","+",4313,5606,"STRG.728.1",1,1294,"STRG.728","",0,0
"810",810,"ENSMUST00000045896.10","+",2787,4119,"STRG.730.1",1,1333,"STRG.730","",0,0
"811",811,"ENSMUST00000232437.1","+",754,4236,"STRG.732.1",2,3471,"STRG.732","",0,0
"812",812,"ENSMUST00000232437.1",".",4247,4562,"STRG.733.1",1,316,"STRG.733","",0,0
"813",813,"ENSMUST00000231669.1","+",2807,4207,"STRG.731.1",1,1401,"STRG.731","",0,0
"814",814,"ENSMUST00000028225.11","+",21,2044,"STRG.735.1",1,2024,"STRG.735","",0,0
"815",815,"ENSMUST00000028225.11","+",2666,3812,"STRG.734.1",1,1147,"STRG.734","",0,0
"816",816,"ENSMUST00000159117.1","+",551,2630,"STRG.736.1",1,2080,"STRG.736","",0,0
"817",817,"ENSMUST00000037748.8","+",895,3613,"STRG.737.2",2,2701,"STRG.737","",0,0
"818",818,"ENSMUST00000037748.8","+",895,3684,"STRG.737.1",1,2790,"STRG.737","",0,0
"819",819,"ENSMUST00000037748.8","+",5589,7640,"STRG.739.1",1,2052,"STRG.739","",0,0
"820",820,"ENSMUST00000099112.3","+",3093,4013,"STRG.738.1",1,921,"STRG.738","",0,0
"821",821,"ENSMUST00000054387.7","+",251,3165,"STRG.740.1",1,2915,"STRG.740","",0,0
"822",822,"ENSMUST00000000594.8","+",1,1039,"STRG.741.1",1,1039,"STRG.741","",0,0
"823",823,"ENSMUST00000021130.6","+",29,902,"STRG.743.1",1,874,"STRG.743","",0,0
"824",824,"ENSMUST00000170382.4","+",20,494,"STRG.742.1",1,475,"STRG.742","",0,0
"825",825,"ENSMUST00000175865.5","+",5,711,"STRG.744.1",2,427,"STRG.744","",0,0
"826",826,"ENSMUST00000008016.2","+",335,1273,"STRG.748.1",1,939,"STRG.748","",0,0
"827",827,"ENSMUST00000008016.2","+",335,1273,"STRG.748.2",2,928,"STRG.748","",0,0
"828",828,"ENSMUST00000027781.6","+",4,471,"STRG.747.1",1,468,"STRG.747","",0,0
"829",829,"ENSMUST00000156374.8",".",10,758,"STRG.745.1",1,749,"STRG.745","",0,0
"830",830,"ENSMUST00000156374.8",".",868,1802,"STRG.746.1",1,935,"STRG.746","",0,0
"831",831,"ENSMUST00000009256.3","+",1,3095,"STRG.749.1",1,3095,"STRG.749","",0,0
"832",832,"ENSMUST00000009256.3","+",4751,6925,"STRG.750.1",1,2175,"STRG.750","",0,0
"833",833,"ENSMUST00000114863.9","+",68,3872,"STRG.753.1",1,3805,"STRG.753","",0,0
"834",834,"ENSMUST00000114859.8","+",2094,3566,"STRG.752.1",1,1473,"STRG.752","",0,0
"835",835,"ENSMUST00000190457.1","+",580,1325,"STRG.751.1",1,746,"STRG.751","",0,0
"836",836,"ENSMUST00000156158.5","+",1280,3079,"STRG.754.1",1,1800,"STRG.754","",0,0
"837",837,"ENSMUST00000042312.13","+",28,2501,"STRG.755.1",1,2474,"STRG.755","",0,0
"838",838,"ENSMUST00000118163.7",".",6200,8102,"STRG.756.1",1,1903,"STRG.756","",0,0
"839",839,"ENSMUST00000118163.7","+",8164,10614,"STRG.757.1",1,2451,"STRG.757","",0,0
"840",840,"ENSMUST00000154092.1","+",2300,4039,"STRG.758.1",1,1740,"STRG.758","",0,0
"841",841,"ENSMUST00000123709.7","+",5522,7830,"STRG.759.1",1,2309,"STRG.759","",0,0
"842",842,"ENSMUST00000129339.7","+",1,1112,"STRG.761.1",1,1112,"STRG.761","",0,0
"843",843,"ENSMUST00000188524.1","+",237,681,"STRG.760.1",1,445,"STRG.760","",0,0
"844",844,"ENSMUST00000027108.12","+",169,799,"STRG.762.1",2,615,"STRG.762","",0,0
"845",845,"ENSMUST00000114882.8","+",287,885,"STRG.764.1",1,599,"STRG.764","",0,0
"846",846,"ENSMUST00000114881.8","+",110,643,"STRG.763.1",1,534,"STRG.763","",0,0
"847",847,"ENSMUST00000020334.8","+",861,3272,"STRG.765.1",1,2412,"STRG.765","",0,0
"848",848,"ENSMUST00000105046.3","+",1,1599,"STRG.766.1",1,1599,"STRG.766","",0,0
"849",849,"ENSMUST00000041045.13","+",44,1066,"STRG.768.1",1,1023,"STRG.768","",0,0
"850",850,"ENSMUST00000174561.7","+",357,778,"STRG.767.1",1,422,"STRG.767","",0,0
"851",851,"ENSMUST00000027111.14","+",6,2661,"STRG.770.1",1,2656,"STRG.770","",0,0
"852",852,"ENSMUST00000187835.1","+",402,813,"STRG.769.1",1,412,"STRG.769","",0,0
"853",853,"ENSMUST00000168099.8","+",71,2590,"STRG.771.1",1,2520,"STRG.771","",0,0
"854",854,"ENSMUST00000026156.7","+",21,2107,"STRG.772.1",1,2087,"STRG.772","",0,0
"855",855,"ENSMUST00000138762.7","+",10639,13306,"STRG.773.1",1,2668,"STRG.773","",0,0
"856",856,"ENSMUST00000108789.8","+",4340,5714,"STRG.774.1",1,1375,"STRG.774","",0,0
"857",857,"ENSMUST00000054245.7","+",1246,4386,"STRG.776.1",1,3141,"STRG.776","",0,0
"858",858,"ENSMUST00000109486.8","+",6328,8382,"STRG.775.1",1,2055,"STRG.775","",0,0
"859",859,"ENSMUST00000141497.1","+",5634,7120,"STRG.777.1",2,1473,"STRG.777","",0,0
"860",860,"ENSMUST00000046274.11","+",6739,8365,"STRG.778.1",2,1613,"STRG.778","",0,0
"861",861,"ENSMUST00000032899.11","+",31,1477,"STRG.779.1",1,1447,"STRG.779","",0,0
"862",862,"ENSMUST00000151254.1","+",1,1428,"STRG.780.1",2,1411,"STRG.780","",0,0
"863",863,"ENSMUST00000035166.11","+",3,2404,"STRG.781.1",1,2402,"STRG.781","",0,0
"864",864,"ENSMUST00000106930.7","+",837,5127,"STRG.783.1",1,4291,"STRG.783","",0,0
"865",865,"ENSMUST00000038207.11","+",159,5258,"STRG.782.1",1,5100,"STRG.782","",0,0
"866",866,"ENSMUST00000094953.10","+",756,5322,"STRG.784.1",1,4567,"STRG.784","",0,0
"867",867,"ENSMUST00000106929.9","+",2070,5127,"STRG.785.1",1,3058,"STRG.785","",0,0
"868",868,"ENSMUST00000106933.1","+",811,5188,"STRG.786.1",1,4378,"STRG.786","",0,0
"869",869,"ENSMUST00000069507.8","+",1968,5378,"STRG.787.1",1,3411,"STRG.787","",0,0
"870",870,"ENSMUST00000107635.6","+",5607,9867,"STRG.788.1",1,4261,"STRG.788","",0,0
"871",871,"ENSMUST00000047799.12","+",23,3365,"STRG.789.1",1,3343,"STRG.789","",0,0
"872",872,"ENSMUST00000105894.10","+",57,3135,"STRG.790.1",2,3066,"STRG.790","",0,0
"873",873,"ENSMUST00000100134.9","+",2,1925,"STRG.792.1",1,1924,"STRG.792","",0,0
"874",874,"ENSMUST00000100134.9","+",2,1925,"STRG.792.2",2,1848,"STRG.792","",0,0
"875",875,"ENSMUST00000208737.1","+",3,1843,"STRG.791.1",1,1841,"STRG.791","",0,0
"876",876,"ENSMUST00000172809.1","+",1,2000,"STRG.793.1",1,2000,"STRG.793","",0,0
"877",877,"ENSMUST00000021133.15","+",108,2526,"STRG.794.1",1,2419,"STRG.794","",0,0
"878",878,"ENSMUST00000106425.3","+",644,2330,"STRG.795.1",1,1687,"STRG.795","",0,0
"879",879,"ENSMUST00000057816.14","+",773,1838,"STRG.796.1",1,1066,"STRG.796","",0,0
"880",880,"ENSMUST00000020024.11","+",55,803,"STRG.797.1",1,749,"STRG.797","",0,0
"881",881,"ENSMUST00000037141.8",".",4264,5062,"STRG.799.1",1,799,"STRG.799","",0,0
"882",882,"ENSMUST00000037141.8","+",5077,7411,"STRG.800.1",1,2335,"STRG.800","",0,0
"883",883,"ENSMUST00000037141.8","+",5077,7411,"STRG.800.2",2,2321,"STRG.800","",0,0
"884",884,"ENSMUST00000023867.7","+",50,1513,"STRG.798.1",1,1464,"STRG.798","",0,0
"885",885,"ENSMUST00000218926.1","+",1669,4327,"STRG.801.1",1,2659,"STRG.801","",0,0
"886",886,"ENSMUST00000050756.7","+",984,4237,"STRG.802.1",1,3254,"STRG.802","",0,0
"887",887,"ENSMUST00000090178.9",".",5460,6978,"STRG.803.1",1,1519,"STRG.803","",0,0
"888",888,"ENSMUST00000090178.9",".",7165,7387,"STRG.804.1",1,223,"STRG.804","",0,0
"889",889,"ENSMUST00000090178.9","+",7639,9465,"STRG.805.1",1,1827,"STRG.805","",0,0
"890",890,"ENSMUST00000037813.4","+",16,3519,"STRG.806.1",2,3478,"STRG.806","",0,0
"891",891,"ENSMUST00000159991.1",".",1865,2318,"STRG.807.1",1,454,"STRG.807","",0,0
"892",892,"ENSMUST00000159991.1",".",2333,3326,"STRG.808.1",1,994,"STRG.808","",0,0
"893",893,"ENSMUST00000020022.7","+",189,1961,"STRG.809.1",1,1773,"STRG.809","",0,0
"894",894,"ENSMUST00000022286.7","+",187,1692,"STRG.810.1",1,1506,"STRG.810","",0,0
"895",895,"ENSMUST00000225707.1","+",4,684,"STRG.811.1",2,631,"STRG.811","",0,0
"896",896,"ENSMUST00000225035.1","+",3,569,"STRG.812.1",1,567,"STRG.812","",0,0
"897",897,"ENSMUST00000143470.1",".",2157,2744,"STRG.813.1",1,588,"STRG.813","",0,0
"898",898,"ENSMUST00000002529.6","+",72,3054,"STRG.814.1",1,2983,"STRG.814","",0,0
"899",899,"ENSMUST00000211781.1","+",7885,10960,"STRG.815.1",1,3076,"STRG.815","",0,0
"900",900,"ENSMUST00000155676.7","+",113,2432,"STRG.816.1",1,2320,"STRG.816","",0,0
"901",901,"ENSMUST00000126117.1","+",81,2219,"STRG.817.1",1,2139,"STRG.817","",0,0
"902",902,"ENSMUST00000032386.10","+",740,3195,"STRG.818.1",2,2414,"STRG.818","",0,0
"903",903,"ENSMUST00000032386.10","+",740,3195,"STRG.818.2",2,2417,"STRG.818","",0,0
"904",904,"ENSMUST00000214064.1","-",1799,2734,"STRG.819.1",1,936,"STRG.819","",0,0
"905",905,"ENSMUST00000226400.1","+",1,2242,"STRG.820.1",1,2242,"STRG.820","",0,0
"906",906,"ENSMUST00000111735.9","+",2971,5259,"STRG.822.1",1,2289,"STRG.822","",0,0
"907",907,"ENSMUST00000160479.7",".",597,1975,"STRG.821.1",1,1379,"STRG.821","",0,0
"908",908,"ENSMUST00000044200.10","+",18,2597,"STRG.824.1",1,2580,"STRG.824","",0,0
"909",909,"ENSMUST00000060173.8","+",63,2159,"STRG.823.1",1,2097,"STRG.823","",0,0
"910",910,"ENSMUST00000040833.4","+",58,2280,"STRG.826.1",1,2223,"STRG.826","",0,0
"911",911,"ENSMUST00000040580.6","+",2481,3238,"STRG.825.1",1,758,"STRG.825","",0,0
"912",912,"ENSMUST00000168345.5","+",16,1295,"STRG.828.1",1,1280,"STRG.828","",0,0
"913",913,"ENSMUST00000200656.1","+",1825,2578,"STRG.827.1",1,754,"STRG.827","",0,0
"914",914,"ENSMUST00000021147.13","+",26,3336,"STRG.829.1",1,3311,"STRG.829","",0,0
"915",915,"ENSMUST00000202223.3",".",3539,4624,"STRG.830.1",1,1086,"STRG.830","",0,0
"916",916,"ENSMUST00000202223.3","+",4630,5689,"STRG.831.1",1,1060,"STRG.831","",0,0
"917",917,"ENSMUST00000099092.7","+",273,6024,"STRG.832.1",1,5752,"STRG.832","",0,0
"918",918,"ENSMUST00000099092.7","+",273,6024,"STRG.832.2",2,5735,"STRG.832","",0,0
"919",919,"ENSMUST00000202479.3","+",682,1202,"STRG.833.1",1,521,"STRG.833","",0,0
"920",920,"ENSMUST00000137302.2","+",517,2996,"STRG.834.1",1,2480,"STRG.834","",0,0
"921",921,"ENSMUST00000137302.2","+",517,2996,"STRG.834.2",2,2466,"STRG.834","",0,0
"922",922,"ENSMUST00000137302.2","+",517,2996,"STRG.834.3",2,2459,"STRG.834","",0,0
"923",923,"ENSMUST00000045738.4","+",15,2797,"STRG.839.1",1,2783,"STRG.839","",0,0
"924",924,"ENSMUST00000053902.3","+",1886,4290,"STRG.838.1",1,2405,"STRG.838","",0,0
"925",925,"ENSMUST00000177594.7","+",2978,4570,"STRG.835.1",1,1593,"STRG.835","",0,0
"926",926,"ENSMUST00000106135.7",".",651,1141,"STRG.836.1",1,491,"STRG.836","",0,0
"927",927,"ENSMUST00000106135.7","+",1154,1863,"STRG.837.1",1,710,"STRG.837","",0,0
"928",928,"ENSMUST00000026151.10",".",249,1203,"STRG.840.1",1,955,"STRG.840","",0,0
"929",929,"ENSMUST00000026151.10",".",1222,1928,"STRG.841.1",1,707,"STRG.841","",0,0
"930",930,"ENSMUST00000002133.8","+",1,1268,"STRG.843.1",1,1268,"STRG.843","",0,0
"931",931,"ENSMUST00000154080.1","+",555,950,"STRG.842.1",1,396,"STRG.842","",0,0
"932",932,"ENSMUST00000002121.4","+",4273,6463,"STRG.845.1",1,2191,"STRG.845","",0,0
"933",933,"ENSMUST00000108314.2","+",2196,3843,"STRG.844.1",1,1648,"STRG.844","",0,0
"934",934,"ENSMUST00000031859.13","+",1,4037,"STRG.846.1",1,4037,"STRG.846","",0,0
"935",935,"ENSMUST00000108015.3","+",2651,5930,"STRG.847.1",1,3280,"STRG.847","",0,0
"936",936,"ENSMUST00000031805.10","+",2298,6664,"STRG.848.1",1,4367,"STRG.848","",0,0
"937",937,"ENSMUST00000201422.3","+",35,1697,"STRG.849.1",1,1663,"STRG.849","",0,0
"938",938,"ENSMUST00000201422.3","+",35,1697,"STRG.849.2",2,1567,"STRG.849","",0,0
"939",939,"ENSMUST00000201422.3","+",35,1697,"STRG.849.3",2,1644,"STRG.849","",0,0
"940",940,"ENSMUST00000031011.11","+",9,1634,"STRG.850.1",1,1626,"STRG.850","",0,0
"941",941,"ENSMUST00000026635.7","+",2896,4885,"STRG.851.1",1,1990,"STRG.851","",0,0
"942",942,"ENSMUST00000006851.14","+",191,3325,"STRG.853.1",2,3119,"STRG.853","",0,0
"943",943,"ENSMUST00000006851.14","+",191,3325,"STRG.853.2",2,3113,"STRG.853","",0,0
"944",944,"ENSMUST00000006217.9","+",17,1004,"STRG.852.1",1,988,"STRG.852","",0,0
"945",945,"ENSMUST00000192506.1","+",14,3158,"STRG.855.1",4,2829,"STRG.855","",0,0
"946",946,"ENSMUST00000192506.1","+",14,3158,"STRG.855.2",2,3047,"STRG.855","",0,0
"947",947,"ENSMUST00000192506.1","+",14,3158,"STRG.855.3",5,2719,"STRG.855","",0,0
"948",948,"ENSMUST00000192506.1","+",14,3158,"STRG.855.4",4,2853,"STRG.855","",0,0
"949",949,"ENSMUST00000192506.1","+",1920,3158,"STRG.855.5",3,1045,"STRG.855","",0,0
"950",950,"ENSMUST00000192506.1","+",1920,3158,"STRG.855.6",2,1155,"STRG.855","",0,0
"951",951,"ENSMUST00000147954.1","+",234,554,"STRG.854.1",1,321,"STRG.854","",0,0
"952",952,"ENSMUST00000117757.8","+",75,1273,"STRG.856.1",1,1199,"STRG.856","",0,0
"953",953,"ENSMUST00000118875.7","+",172,1420,"STRG.858.1",1,1249,"STRG.858","",0,0
"954",954,"ENSMUST00000073605.14","+",103,1272,"STRG.857.1",1,1170,"STRG.857","",0,0
"955",955,"ENSMUST00000187695.6","+",10,2770,"STRG.859.1",1,2761,"STRG.859","",0,0
"956",956,"ENSMUST00000099761.9","+",1,2771,"STRG.860.1",1,2771,"STRG.860","",0,0
"957",957,"ENSMUST00000099761.9","+",3737,8794,"STRG.861.1",1,5058,"STRG.861","",0,0
"958",958,"ENSMUST00000164107.2","+",3265,6816,"STRG.862.1",1,3552,"STRG.862","",0,0
"959",959,"ENSMUST00000141230.7",".",27,1340,"STRG.863.1",1,1314,"STRG.863","",0,0
"960",960,"ENSMUST00000141230.7",".",1586,3053,"STRG.864.1",1,1468,"STRG.864","",0,0
"961",961,"ENSMUST00000046977.11","+",66,4102,"STRG.865.1",1,4037,"STRG.865","",0,0
"962",962,"ENSMUST00000068259.9","+",4038,5887,"STRG.866.1",1,1850,"STRG.866","",0,0
"963",963,"ENSMUST00000114323.7","+",32,3816,"STRG.870.1",1,3785,"STRG.870","",0,0
"964",964,"ENSMUST00000114321.1","+",2433,3860,"STRG.868.1",1,1428,"STRG.868","",0,0
"965",965,"ENSMUST00000173486.7","+",86,579,"STRG.867.1",1,494,"STRG.867","",0,0
"966",966,"ENSMUST00000025319.6","+",208,729,"STRG.869.1",1,522,"STRG.869","",0,0
"967",967,"ENSMUST00000162862.2",".",39,1433,"STRG.873.1",1,1395,"STRG.873","",0,0
"968",968,"ENSMUST00000162862.2","+",1600,4236,"STRG.874.1",1,2637,"STRG.874","",0,0
"969",969,"ENSMUST00000040729.8","+",3211,4068,"STRG.871.1",1,858,"STRG.871","",0,0
"970",970,"ENSMUST00000160961.7","+",2612,3983,"STRG.872.1",1,1372,"STRG.872","",0,0
"971",971,"ENSMUST00000100528.4","+",41,2936,"STRG.876.1",1,2896,"STRG.876","",0,0
"972",972,"ENSMUST00000168977.7","+",4008,4867,"STRG.875.1",1,860,"STRG.875","",0,0
"973",973,"ENSMUST00000021670.14",".",4153,4775,"STRG.877.1",1,623,"STRG.877","",0,0
"974",974,"ENSMUST00000021670.14","+",4792,7003,"STRG.878.1",1,2212,"STRG.878","",0,0
"975",975,"ENSMUST00000056677.7","+",522,1570,"STRG.880.1",1,1049,"STRG.880","",0,0
"976",976,"ENSMUST00000036215.7",".",1147,2614,"STRG.879.1",1,1468,"STRG.879","",0,0
"977",977,"ENSMUST00000173665.7","+",2162,2974,"STRG.881.1",1,813,"STRG.881","",0,0
"978",978,"ENSMUST00000042717.12","+",2402,3085,"STRG.882.1",1,684,"STRG.882","",0,0
"979",979,"ENSMUST00000005600.5","+",552,4168,"STRG.884.1",1,3617,"STRG.884","",0,0
"980",980,"ENSMUST00000138356.7","+",3365,5589,"STRG.883.1",1,2225,"STRG.883","",0,0
"981",981,"ENSMUST00000168520.2","+",3,1028,"STRG.885.1",1,1026,"STRG.885","",0,0
"982",982,"ENSMUST00000034983.6","+",42,1994,"STRG.886.1",1,1953,"STRG.886","",0,0
"983",983,"ENSMUST00000057659.13","+",3262,6547,"STRG.888.1",1,3286,"STRG.888","",0,0
"984",984,"ENSMUST00000162965.1","+",339,1946,"STRG.887.1",1,1608,"STRG.887","",0,0
"985",985,"ENSMUST00000055655.8","+",4625,8823,"STRG.891.1",1,4199,"STRG.891","",0,0
"986",986,"ENSMUST00000206589.1","+",6325,8329,"STRG.890.1",1,2005,"STRG.890","",0,0
"987",987,"ENSMUST00000005490.9","+",464,2029,"STRG.889.1",1,1566,"STRG.889","",0,0
"988",988,"ENSMUST00000149147.7","+",1680,3861,"STRG.893.1",1,2182,"STRG.893","",0,0
"989",989,"ENSMUST00000100202.9","+",3331,4606,"STRG.892.1",1,1276,"STRG.892","",0,0
"990",990,"ENSMUST00000106398.8","+",2680,4541,"STRG.894.1",1,1862,"STRG.894","",0,0
"991",991,"ENSMUST00000119567.7","+",80,4130,"STRG.898.1",2,3991,"STRG.898","",0,0
"992",992,"ENSMUST00000143594.7","+",13,2770,"STRG.895.1",1,2758,"STRG.895","",0,0
"993",993,"ENSMUST00000131718.7","+",706,2784,"STRG.897.1",1,2079,"STRG.897","",0,0
"994",994,"ENSMUST00000062292.4","+",2548,4009,"STRG.896.1",1,1462,"STRG.896","",0,0
"995",995,"ENSMUST00000090541.11","+",1,586,"STRG.899.1",1,586,"STRG.899","",0,0
"996",996,"ENSMUST00000107686.7","+",92,675,"STRG.900.1",1,584,"STRG.900","",0,0
"997",997,"ENSMUST00000107684.1","+",1,595,"STRG.901.1",1,595,"STRG.901","",0,0
"998",998,"ENSMUST00000031795.7","+",46,3007,"STRG.904.1",1,2962,"STRG.904","",0,0
"999",999,"ENSMUST00000031795.7","+",46,3007,"STRG.904.2",2,2948,"STRG.904","",0,0
"1000",1000,"ENSMUST00000041367.8","+",27,2306,"STRG.902.1",2,2165,"STRG.902","",0,0
