"","t_id","chr","strand","start","end","t_name","num_exons","length","gene_id","gene_name","cov.output_liver","FPKM.output_liver"
"1",1,"ENSMUST00000006562.5","+",16,910,"STRG.1.1",1,895,"STRG.1","",0,0
"2",2,"ENSMUST00000194248.1","+",2,936,"STRG.2.1",1,935,"STRG.2","",0,0
"3",3,"ENSMUST00000024112.7","+",27,2413,"STRG.3.1",1,2387,"STRG.3","",0,0
"4",4,"ENSMUST00000100960.10","+",3,2692,"STRG.4.1",1,2690,"STRG.4","",0,0
"5",5,"ENSMUST00000082421.1","+",1,1144,"STRG.5.1",1,1144,"STRG.5","",0,0
"6",6,"ENSMUST00000082419.1","-",1,519,"STRG.6.1",1,519,"STRG.6","",0,0
"7",7,"ENSMUST00000082418.1","+",1,1824,"STRG.7.1",1,1824,"STRG.7","",0,0
"8",8,"ENSMUST00000082414.1","+",1,1378,"STRG.8.1",1,1378,"STRG.8","",0,0
"9",9,"ENSMUST00000082411.1","+",4,348,"STRG.9.1",1,345,"STRG.9","",0,0
"10",10,"ENSMUST00000082409.1","+",1,784,"STRG.10.1",1,784,"STRG.10","",0.918558,7.07844
"11",11,"ENSMUST00000082408.1","+",1,681,"STRG.11.1",1,681,"STRG.11","",0,0
"12",12,"ENSMUST00000082405.1","+",1,684,"STRG.12.1",1,684,"STRG.12","",0,0
"13",13,"ENSMUST00000082402.1","+",1,1545,"STRG.13.1",1,1545,"STRG.13","",1.51298,9.16727
"14",14,"ENSMUST00000082396.1","+",1,1038,"STRG.14.1",1,1038,"STRG.14","",0,0
"15",15,"ENSMUST00000082392.1","+",1,954,"STRG.16.1",1,954,"STRG.16","",0,0
"16",16,"ENSMUST00000025691.11","+",18,1471,"STRG.15.1",1,1454,"STRG.15","",0,0
"17",17,"ENSMUST00000026062.9","+",118,2350,"STRG.17.1",1,2233,"STRG.17","",0,0
"18",18,"ENSMUST00000040270.4","+",43,2742,"STRG.18.1",1,2700,"STRG.18","",0,0
"19",19,"ENSMUST00000025483.9","+",13,2632,"STRG.19.1",1,2620,"STRG.19","",0,0
"20",20,"ENSMUST00000087321.2","+",2,2719,"STRG.20.1",1,2718,"STRG.20","",0,0
"21",21,"ENSMUST00000025989.8","+",8,3266,"STRG.21.1",2,3245,"STRG.21","",0,0
"22",22,"ENSMUST00000025989.8","+",8,3266,"STRG.21.2",2,3243,"STRG.21","",0,0
"23",23,"ENSMUST00000025989.8","+",3807,6144,"STRG.22.1",1,2338,"STRG.22","",0,0
"24",24,"ENSMUST00000097680.5","+",1,2257,"STRG.23.1",1,2257,"STRG.23","",0,0
"25",25,"ENSMUST00000097680.5","+",1,2257,"STRG.23.2",2,2242,"STRG.23","",0,0
"26",26,"ENSMUST00000025293.3","+",1,930,"STRG.24.1",1,930,"STRG.24","",0,0
"27",27,"ENSMUST00000040924.7",".",171,1099,"STRG.25.1",1,929,"STRG.25","",0,0
"28",28,"ENSMUST00000040924.7",".",1152,3044,"STRG.26.1",1,1893,"STRG.26","",0,0
"29",29,"ENSMUST00000025773.3","+",59,910,"STRG.27.1",1,852,"STRG.27","",0,0
"30",30,"ENSMUST00000053024.6","+",2,1027,"STRG.28.1",1,1026,"STRG.28","",0,0
"31",31,"ENSMUST00000168382.1","+",814,1739,"STRG.29.1",1,926,"STRG.29","",0,0
"32",32,"ENSMUST00000078079.9","+",61,2872,"STRG.31.1",1,2812,"STRG.31","",0,0
"33",33,"ENSMUST00000075092.6","+",10,963,"STRG.30.1",1,954,"STRG.30","",0,0
"34",34,"ENSMUST00000098817.2","+",46,1784,"STRG.32.1",1,1739,"STRG.32","",0,0
"35",35,"ENSMUST00000098817.2","+",3547,5999,"STRG.34.1",1,2453,"STRG.34","",0,0
"36",36,"ENSMUST00000040261.5","+",9,1272,"STRG.35.1",1,1264,"STRG.35","",0,0
"37",37,"ENSMUST00000049388.7","+",917,1561,"STRG.33.1",1,645,"STRG.33","",0,0
"38",38,"ENSMUST00000000687.7","+",1,1222,"STRG.36.1",1,1222,"STRG.36","",0,0
"39",39,"ENSMUST00000167741.7","+",15,1146,"STRG.38.1",1,1132,"STRG.38","",0,0
"40",40,"ENSMUST00000167741.7","+",15,1146,"STRG.38.2",2,1060,"STRG.38","",0,0
"41",41,"ENSMUST00000025095.7","+",16,1071,"STRG.37.1",1,1056,"STRG.37","",0,0
"42",42,"ENSMUST00000065651.4","+",11,2003,"STRG.39.1",1,1993,"STRG.39","",0,0
"43",43,"ENSMUST00000114777.8","+",41,4968,"STRG.40.1",1,4928,"STRG.40","",0,0
"44",44,"ENSMUST00000025563.6","+",10,866,"STRG.42.1",1,857,"STRG.42","",0,0
"45",45,"ENSMUST00000065304.11","+",3122,5029,"STRG.41.1",1,1908,"STRG.41","",0,0
"46",46,"ENSMUST00000025667.12","+",71,2840,"STRG.44.1",1,2770,"STRG.44","",0,0
"47",47,"ENSMUST00000025462.6","+",18,1371,"STRG.43.1",1,1354,"STRG.43","",0,0
"48",48,"ENSMUST00000046839.8","+",14,789,"STRG.45.1",1,776,"STRG.45","",0,0
"49",49,"ENSMUST00000046839.8",".",1345,1735,"STRG.46.1",1,391,"STRG.46","",0,0
"50",50,"ENSMUST00000024944.7","+",37,2305,"STRG.47.1",1,2269,"STRG.47","",0,0
"51",51,"ENSMUST00000051100.6","+",17,2528,"STRG.49.1",2,2498,"STRG.49","",0,0
"52",52,"ENSMUST00000051100.6","+",17,2528,"STRG.49.2",3,2486,"STRG.49","",0,0
"53",53,"ENSMUST00000014684.4","+",32,907,"STRG.48.1",1,876,"STRG.48","",0,0
"54",54,"ENSMUST00000026218.5","+",937,2797,"STRG.50.1",1,1861,"STRG.50","",0,0
"55",55,"ENSMUST00000079033.4","+",48,878,"STRG.51.1",1,831,"STRG.51","",0,0
"56",56,"ENSMUST00000179886.1","+",2021,2614,"STRG.52.1",1,594,"STRG.52","",0,0
"57",57,"ENSMUST00000025515.6","+",1064,3547,"STRG.53.1",1,2484,"STRG.53","",0,0
"58",58,"ENSMUST00000044911.8","+",1,1672,"STRG.54.1",1,1672,"STRG.54","",0,0
"59",59,"ENSMUST00000025567.7","+",112,1508,"STRG.55.1",1,1397,"STRG.55","",0,0
"60",60,"ENSMUST00000086423.4","+",9,1927,"STRG.56.1",1,1919,"STRG.56","",0,0
"61",61,"ENSMUST00000095978.3","+",14,857,"STRG.57.1",1,844,"STRG.57","",0,0
"62",62,"ENSMUST00000098595.2","+",211,2798,"STRG.58.1",1,2588,"STRG.58","",0,0
"63",63,"ENSMUST00000086764.5","+",11,494,"STRG.59.1",1,484,"STRG.59","",0,0
"64",64,"ENSMUST00000054098.2","+",1302,3471,"STRG.60.1",1,2170,"STRG.60","",0,0
"65",65,"ENSMUST00000025827.8","+",158,2603,"STRG.61.1",1,2446,"STRG.61","",0,0
"66",66,"ENSMUST00000001416.6","+",62,1987,"STRG.63.1",1,1926,"STRG.63","",0,0
"67",67,"ENSMUST00000025314.5",".",1539,2401,"STRG.62.1",1,863,"STRG.62","",0,0
"68",68,"ENSMUST00000025778.7","+",390,3754,"STRG.66.1",1,3365,"STRG.66","",0,0
"69",69,"ENSMUST00000025632.9","+",882,1638,"STRG.64.1",1,757,"STRG.64","",0,0
"70",70,"ENSMUST00000025632.9",".",1645,2090,"STRG.65.1",1,446,"STRG.65","",0,0
"71",71,"ENSMUST00000057270.7","+",8,1485,"STRG.67.1",1,1478,"STRG.67","",0,0
"72",72,"ENSMUST00000041053.9","+",1,1515,"STRG.69.1",1,1515,"STRG.69","",0,0
"73",73,"ENSMUST00000076505.3","+",288,3119,"STRG.68.1",1,2832,"STRG.68","",0,0
"74",74,"ENSMUST00000054030.7","+",1,1505,"STRG.70.1",2,1406,"STRG.70","",0,0
"75",75,"ENSMUST00000054030.7","+",1,1505,"STRG.70.2",2,1405,"STRG.70","",0,0
"76",76,"ENSMUST00000035804.7","+",1,1530,"STRG.71.1",1,1530,"STRG.71","",0,0
"77",77,"ENSMUST00000075312.3","+",173,1219,"STRG.73.1",1,1047,"STRG.73","",0,0
"78",78,"ENSMUST00000025915.11","+",37,1074,"STRG.72.1",1,1038,"STRG.72","",0,0
"79",79,"ENSMUST00000097682.2","+",7,473,"STRG.74.1",1,467,"STRG.74","",0,0
"80",80,"ENSMUST00000053663.9","+",97,2894,"STRG.75.1",1,2798,"STRG.75","",0,0
"81",81,"ENSMUST00000171765.1","+",15,1566,"STRG.76.1",1,1552,"STRG.76","",0,0
"82",82,"ENSMUST00000046094.4","+",3,1378,"STRG.77.1",1,1376,"STRG.77","",0,0
"83",83,"ENSMUST00000171461.1","+",475,3340,"STRG.79.1",1,2866,"STRG.79","",0,0
"84",84,"ENSMUST00000170811.7","+",1577,2885,"STRG.78.1",1,1309,"STRG.78","",0,0
"85",85,"ENSMUST00000072376.11","+",70,3038,"STRG.80.1",1,2969,"STRG.80","",0,0
"86",86,"ENSMUST00000076155.4","+",110,1757,"STRG.81.1",1,1648,"STRG.81","",0,0
"87",87,"ENSMUST00000044252.5","+",46,1426,"STRG.82.1",1,1381,"STRG.82","",0,0
"88",88,"ENSMUST00000070166.5","+",322,2603,"STRG.83.1",1,2282,"STRG.83","",0,0
"89",89,"ENSMUST00000026009.8","+",5,815,"STRG.84.1",1,811,"STRG.84","",0,0
"90",90,"ENSMUST00000067947.5","+",2815,6186,"STRG.87.1",1,3372,"STRG.87","",0,0
"91",91,"ENSMUST00000095187.3","+",1573,3530,"STRG.86.1",1,1958,"STRG.86","",0,0
"92",92,"ENSMUST00000025482.8","+",5125,6385,"STRG.85.1",1,1261,"STRG.85","",0,0
"93",93,"ENSMUST00000049323.7","+",16,1498,"STRG.88.1",1,1483,"STRG.88","",0,0
"94",94,"ENSMUST00000050214.7","+",1129,2063,"STRG.89.1",1,935,"STRG.89","",0,0
"95",95,"ENSMUST00000025106.3","+",1,953,"STRG.90.1",1,953,"STRG.90","",0,0
"96",96,"ENSMUST00000049572.14","+",62,2969,"STRG.91.1",1,2908,"STRG.91","",0,0
"97",97,"ENSMUST00000049572.14","+",62,2969,"STRG.91.2",2,2895,"STRG.91","",0,0
"98",98,"ENSMUST00000178114.1","+",70,2965,"STRG.93.1",1,2896,"STRG.93","",0,0
"99",99,"ENSMUST00000178114.1","+",70,2965,"STRG.93.2",2,2883,"STRG.93","",0,0
"100",100,"ENSMUST00000061093.6","+",122,2226,"STRG.92.1",1,2105,"STRG.92","",0,0
"101",101,"ENSMUST00000060722.6","+",169,2269,"STRG.94.1",1,2101,"STRG.94","",0,0
"102",102,"ENSMUST00000096014.3","+",1,341,"STRG.95.1",1,341,"STRG.95","",0,0
"103",103,"ENSMUST00000070850.6","+",9,919,"STRG.96.1",1,911,"STRG.96","",0,0
"104",104,"ENSMUST00000055117.7","+",1807,2577,"STRG.97.1",1,771,"STRG.97","",0,0
"105",105,"ENSMUST00000025946.5","+",71,1773,"STRG.98.1",1,1703,"STRG.98","",0,0
"106",106,"ENSMUST00000037850.5","+",1,1997,"STRG.99.1",1,1997,"STRG.99","",0,0
"107",107,"ENSMUST00000178343.1",".",857,2032,"STRG.100.1",1,1176,"STRG.100","",0,0
"108",108,"ENSMUST00000178343.1","+",2270,4060,"STRG.101.1",1,1791,"STRG.101","",0,0
"109",109,"ENSMUST00000074371.11",".",825,1797,"STRG.102.1",1,973,"STRG.102","",0,0
"110",110,"ENSMUST00000025931.12",".",625,1709,"STRG.103.1",1,1085,"STRG.103","",0,0
"111",111,"ENSMUST00000025931.12",".",1840,2102,"STRG.104.1",1,263,"STRG.104","",0,0
"112",112,"ENSMUST00000066439.6","+",28,2729,"STRG.105.1",1,2702,"STRG.105","",0,0
"113",113,"ENSMUST00000041331.2","+",160,4836,"STRG.108.1",1,4677,"STRG.108","",0,0
"114",114,"ENSMUST00000041331.2","+",160,4836,"STRG.108.2",2,4663,"STRG.108","",0,0
"115",115,"ENSMUST00000041331.2","+",160,4836,"STRG.108.3",2,4664,"STRG.108","",0,0
"116",116,"ENSMUST00000041331.2","+",2079,4836,"STRG.108.4",2,2745,"STRG.108","",0,0
"117",117,"ENSMUST00000081035.7",".",2725,3037,"STRG.106.1",1,313,"STRG.106","",0,0
"118",118,"ENSMUST00000081035.7","+",3041,4091,"STRG.107.1",1,1051,"STRG.107","",0,0
"119",119,"ENSMUST00000048644.5","+",96,1619,"STRG.109.1",1,1524,"STRG.109","",0,0
"120",120,"ENSMUST00000025851.3","+",49,2682,"STRG.110.1",1,2634,"STRG.110","",0,0
"121",121,"ENSMUST00000024873.6","+",54,1829,"STRG.111.1",1,1776,"STRG.111","",0,0
"122",122,"ENSMUST00000007482.6","+",8,1711,"STRG.112.1",1,1704,"STRG.112","",0,0
"123",123,"ENSMUST00000050487.14","+",13,1215,"STRG.113.1",1,1203,"STRG.113","",0,0
"124",124,"ENSMUST00000097563.8","+",13,1410,"STRG.116.1",1,1398,"STRG.116","",0,0
"125",125,"ENSMUST00000097563.8","+",13,1410,"STRG.116.2",2,1206,"STRG.116","",0,0
"126",126,"ENSMUST00000177752.7","+",1,621,"STRG.114.1",1,621,"STRG.114","",0,0
"127",127,"ENSMUST00000070878.8","+",1,640,"STRG.115.1",1,640,"STRG.115","",0,0
"128",128,"ENSMUST00000025077.6","+",14,2633,"STRG.119.1",1,2620,"STRG.119","",0,0
"129",129,"ENSMUST00000047511.13","+",1980,3937,"STRG.117.1",1,1958,"STRG.117","",0,0
"130",130,"ENSMUST00000163821.1","+",2041,3620,"STRG.118.1",1,1580,"STRG.118","",0,0
"131",131,"ENSMUST00000044207.4","+",36,2544,"STRG.120.1",1,2509,"STRG.120","",0,0
"132",132,"ENSMUST00000036584.11","+",208,3460,"STRG.121.1",1,3253,"STRG.121","",0,0
"133",133,"ENSMUST00000036584.11","+",208,3460,"STRG.121.2",2,3235,"STRG.121","",0,0
"134",134,"ENSMUST00000112460.1","+",46,2759,"STRG.122.1",1,2714,"STRG.122","",0,0
"135",135,"ENSMUST00000112460.1","+",46,2759,"STRG.122.2",2,2696,"STRG.122","",0,0
"136",136,"ENSMUST00000025797.5","+",13,1101,"STRG.124.1",1,1089,"STRG.124","",0,0
"137",137,"ENSMUST00000057074.8","+",6,1327,"STRG.123.1",1,1322,"STRG.123","",0,0
"138",138,"ENSMUST00000054984.6","+",657,1740,"STRG.125.1",1,1084,"STRG.125","",0,0
"139",139,"ENSMUST00000077282.5","+",465,6558,"STRG.126.1",1,6094,"STRG.126","",0,0
"140",140,"ENSMUST00000040069.8","+",14,3322,"STRG.128.1",1,3309,"STRG.128","",0,0
"141",141,"ENSMUST00000025239.7","+",1564,2440,"STRG.127.1",1,877,"STRG.127","",0,0
"142",142,"ENSMUST00000035648.4","+",17,2472,"STRG.129.1",1,2456,"STRG.129","",0,0
"143",143,"ENSMUST00000096575.3","+",8044,10791,"STRG.130.1",1,2748,"STRG.130","",0,0
"144",144,"ENSMUST00000025215.8","+",21,1695,"STRG.131.1",1,1675,"STRG.131","",0,0
"145",145,"ENSMUST00000069597.6","+",117,2471,"STRG.132.1",2,2327,"STRG.132","",0,0
"146",146,"ENSMUST00000063417.9","+",12,2279,"STRG.133.1",1,2268,"STRG.133","",0,0
"147",147,"ENSMUST00000005503.3","+",572,4253,"STRG.135.1",1,3682,"STRG.135","",0,0
"148",148,"ENSMUST00000068006.7","+",201,2871,"STRG.136.1",1,2671,"STRG.136","",0,0
"149",149,"ENSMUST00000060427.4","+",17,1492,"STRG.134.1",1,1476,"STRG.134","",0,0
"150",150,"ENSMUST00000008991.6","+",6332,8248,"STRG.137.1",1,1917,"STRG.137","",0,0
"151",151,"ENSMUST00000064393.5","+",50,1802,"STRG.138.1",1,1753,"STRG.138","",0,0
"152",152,"ENSMUST00000025484.7","+",59,2898,"STRG.141.1",1,2840,"STRG.141","",0,0
"153",153,"ENSMUST00000025759.7","+",196,1206,"STRG.139.1",1,1011,"STRG.139","",0,0
"154",154,"ENSMUST00000025714.7","+",563,999,"STRG.140.1",1,437,"STRG.140","",0,0
"155",155,"ENSMUST00000169861.7",".",1392,2827,"STRG.142.1",1,1436,"STRG.142","",0,0
"156",156,"ENSMUST00000169861.7",".",2836,3929,"STRG.143.1",1,1094,"STRG.143","",0,0
"157",157,"ENSMUST00000025932.7","+",690,2869,"STRG.144.1",1,2180,"STRG.144","",0,0
"158",158,"ENSMUST00000025932.7",".",2885,3705,"STRG.145.1",1,821,"STRG.145","",0,0
"159",159,"ENSMUST00000015719.14","+",4,782,"STRG.146.1",1,779,"STRG.146","",0,0
"160",160,"ENSMUST00000066039.6","+",1166,3745,"STRG.147.1",1,2580,"STRG.147","",0,0
"161",161,"ENSMUST00000092511.4","+",13,1124,"STRG.148.1",1,1112,"STRG.148","",0,0
"162",162,"ENSMUST00000025951.12","+",53,1241,"STRG.149.1",1,1189,"STRG.149","",0,0
"163",163,"ENSMUST00000112335.2","+",8,930,"STRG.150.1",1,923,"STRG.150","",0,0
"164",164,"ENSMUST00000037678.6","+",1,2253,"STRG.153.1",1,2253,"STRG.153","",0,0
"165",165,"ENSMUST00000166407.7","+",34,1030,"STRG.151.1",1,997,"STRG.151","",0,0
"166",166,"ENSMUST00000096255.5","+",22,1041,"STRG.152.1",1,1020,"STRG.152","",0,0
"167",167,"ENSMUST00000011896.6","+",46,1830,"STRG.154.1",1,1785,"STRG.154","",0,0
"168",168,"ENSMUST00000026239.6",".",1485,2282,"STRG.155.1",1,798,"STRG.155","",0,0
"169",169,"ENSMUST00000072735.7","+",1,800,"STRG.156.1",1,800,"STRG.156","",0,0
"170",170,"ENSMUST00000066778.4","+",2294,3739,"STRG.157.1",1,1446,"STRG.157","",0,0
"171",171,"ENSMUST00000053917.4","+",167,4017,"STRG.158.1",1,3851,"STRG.158","",0,0
"172",172,"ENSMUST00000039758.4","+",3,545,"STRG.160.1",1,543,"STRG.160","",0,0
"173",173,"ENSMUST00000039631.8","+",29,1349,"STRG.159.1",1,1321,"STRG.159","",0,0
"174",174,"ENSMUST00000026011.6","+",1586,3210,"STRG.161.1",1,1625,"STRG.161","",0,0
"175",175,"ENSMUST00000099353.4","+",25,1519,"STRG.162.1",1,1495,"STRG.162","",0,0
"176",176,"ENSMUST00000079125.6","+",162,756,"STRG.163.1",1,595,"STRG.163","",0,0
"177",177,"ENSMUST00000025270.6","+",1,2992,"STRG.165.1",1,2992,"STRG.165","",0,0
"178",178,"ENSMUST00000115154.10","+",8,1290,"STRG.164.1",2,1262,"STRG.164","",0,0
"179",179,"ENSMUST00000047086.9","+",693,3434,"STRG.167.1",1,2742,"STRG.167","",0,0
"180",180,"ENSMUST00000164773.1","+",295,1940,"STRG.166.1",1,1646,"STRG.166","",0,0
"181",181,"ENSMUST00000042556.10","+",2284,3869,"STRG.168.1",1,1586,"STRG.168","",0,0
"182",182,"ENSMUST00000054708.4","+",1,1908,"STRG.169.1",1,1908,"STRG.169","",0,0
"183",183,"ENSMUST00000026899.3","+",52,2023,"STRG.172.1",1,1972,"STRG.172","",0,0
"184",184,"ENSMUST00000144706.7",".",32,731,"STRG.170.1",1,700,"STRG.170","",0,0
"185",185,"ENSMUST00000144706.7",".",1002,1485,"STRG.171.1",1,484,"STRG.171","",0,0
"186",186,"ENSMUST00000147132.7","+",13,1197,"STRG.173.1",1,1185,"STRG.173","",0,0
"187",187,"ENSMUST00000021471.12","+",150,2379,"STRG.174.1",1,2230,"STRG.174","",0,0
"188",188,"ENSMUST00000026119.7","+",4,1948,"STRG.175.1",1,1945,"STRG.175","",0,0
"189",189,"ENSMUST00000147877.7","+",1,1993,"STRG.176.1",1,1993,"STRG.176","",0,0
"190",190,"ENSMUST00000128827.7","+",477,2502,"STRG.179.1",3,1643,"STRG.179","",0,0
"191",191,"ENSMUST00000128827.7","+",477,2502,"STRG.179.2",4,1573,"STRG.179","",0,0
"192",192,"ENSMUST00000128827.7","+",477,2502,"STRG.179.3",2,1956,"STRG.179","",0,0
"193",193,"ENSMUST00000128827.7","+",477,2502,"STRG.179.4",2,1930,"STRG.179","",0,0
"194",194,"ENSMUST00000128827.7","+",477,2502,"STRG.179.5",3,1628,"STRG.179","",0,0
"195",195,"ENSMUST00000128827.7","+",707,2502,"STRG.179.6",3,1424,"STRG.179","",0,0
"196",196,"ENSMUST00000080138.12","+",188,993,"STRG.177.1",1,806,"STRG.177","",0,0
"197",197,"ENSMUST00000035560.8","+",11,1498,"STRG.178.1",1,1488,"STRG.178","",0,0
"198",198,"ENSMUST00000021243.15","+",213,1523,"STRG.180.1",1,1311,"STRG.180","",0,0
"199",199,"ENSMUST00000028220.9","+",1,1959,"STRG.181.1",1,1959,"STRG.181","",0,0
"200",200,"ENSMUST00000164181.1","+",37,665,"STRG.182.1",1,629,"STRG.182","",0,0
"201",201,"ENSMUST00000219554.1","+",249,775,"STRG.183.1",1,527,"STRG.183","",0,0
"202",202,"ENSMUST00000218127.1","+",12,691,"STRG.184.1",1,680,"STRG.184","",0,0
"203",203,"ENSMUST00000218127.1","+",12,691,"STRG.184.2",2,635,"STRG.184","",0,0
"204",204,"ENSMUST00000219236.1","+",9,691,"STRG.185.1",2,625,"STRG.185","",0,0
"205",205,"ENSMUST00000067246.5","+",43,3168,"STRG.187.1",1,3126,"STRG.187","",0,0
"206",206,"ENSMUST00000225086.1","+",613,1838,"STRG.186.1",1,1226,"STRG.186","",0,0
"207",207,"ENSMUST00000005234.12","+",132,3082,"STRG.190.1",2,2934,"STRG.190","",0,0
"208",208,"ENSMUST00000167459.2","+",3037,4530,"STRG.188.1",1,1494,"STRG.188","",0,0
"209",209,"ENSMUST00000227153.1","+",1144,2876,"STRG.189.1",1,1733,"STRG.189","",0,0
"210",210,"ENSMUST00000138242.1","+",1513,1876,"STRG.191.1",1,364,"STRG.191","",0,0
"211",211,"ENSMUST00000125108.1","+",28,956,"STRG.192.1",1,929,"STRG.192","",0,0
"212",212,"ENSMUST00000016168.8","+",160,1996,"STRG.193.1",1,1837,"STRG.193","",0,0
"213",213,"ENSMUST00000021514.9","+",52,2788,"STRG.195.1",1,2737,"STRG.195","",0,0
"214",214,"ENSMUST00000021514.9","+",5748,7668,"STRG.197.1",1,1921,"STRG.197","",0,0
"215",215,"ENSMUST00000135515.1","+",177,1251,"STRG.194.1",1,1075,"STRG.194","",0,0
"216",216,"ENSMUST00000100720.1","+",2005,2930,"STRG.196.1",1,926,"STRG.196","",0,0
"217",217,"ENSMUST00000112530.7",".",185,656,"STRG.198.1",1,472,"STRG.198","",0,0
"218",218,"ENSMUST00000112530.7","+",740,3036,"STRG.199.1",1,2297,"STRG.199","",0,0
"219",219,"ENSMUST00000112531.7","+",1907,3056,"STRG.200.1",1,1150,"STRG.200","",0,0
"220",220,"ENSMUST00000080557.11","+",774,3032,"STRG.201.1",1,2259,"STRG.201","",0,0
"221",221,"ENSMUST00000035861.5","+",837,3139,"STRG.202.1",1,2303,"STRG.202","",0,0
"222",222,"ENSMUST00000178207.7","+",618,2369,"STRG.203.1",1,1752,"STRG.203","",0,0
"223",223,"ENSMUST00000179525.7","+",9,2308,"STRG.204.1",1,2300,"STRG.204","",0,0
"224",224,"ENSMUST00000178876.7","+",1396,2297,"STRG.205.1",1,902,"STRG.205","",0,0
"225",225,"ENSMUST00000067854.9","+",49,3125,"STRG.206.1",1,3077,"STRG.206","",0,0
"226",226,"ENSMUST00000165308.7","+",1,3328,"STRG.207.1",1,3328,"STRG.207","",0,0
"227",227,"ENSMUST00000020270.5","+",17,2535,"STRG.209.1",1,2519,"STRG.209","",0,0
"228",228,"ENSMUST00000127270.1","+",90,575,"STRG.208.1",1,486,"STRG.208","",0,0
"229",229,"ENSMUST00000102483.4","+",37,556,"STRG.211.1",1,520,"STRG.211","",0,0
"230",230,"ENSMUST00000026427.7","+",26,3981,"STRG.213.1",1,3956,"STRG.213","",0,0
"231",231,"ENSMUST00000092880.13",".",116,405,"STRG.210.1",1,290,"STRG.210","",0,0
"232",232,"ENSMUST00000127587.7","+",41,1354,"STRG.212.1",1,1314,"STRG.212","",0,0
"233",233,"ENSMUST00000105358.7","+",205,2208,"STRG.214.1",1,2004,"STRG.214","",0,0
"234",234,"ENSMUST00000105354.7","+",877,2189,"STRG.215.1",1,1313,"STRG.215","",0,0
"235",235,"ENSMUST00000040865.8","+",208,1633,"STRG.216.1",1,1426,"STRG.216","",0,0
"236",236,"ENSMUST00000064709.11","+",48,1441,"STRG.217.1",1,1394,"STRG.217","",0,0
"237",237,"ENSMUST00000199113.4","+",819,2402,"STRG.218.1",2,1568,"STRG.218","",0,0
"238",238,"ENSMUST00000019977.7",".",471,2681,"STRG.219.1",1,2211,"STRG.219","",0,0
"239",239,"ENSMUST00000019977.7",".",2710,2994,"STRG.220.1",1,285,"STRG.220","",0,0
"240",240,"ENSMUST00000220042.1",".",2043,2428,"STRG.221.1",1,386,"STRG.221","",0,0
"241",241,"ENSMUST00000037796.13","+",727,1539,"STRG.222.1",1,813,"STRG.222","",0,0
"242",242,"ENSMUST00000113584.7","+",68,1678,"STRG.223.1",1,1611,"STRG.223","",0,0
"243",243,"ENSMUST00000026122.10","+",388,2861,"STRG.224.1",1,2474,"STRG.224","",0,0
"244",244,"ENSMUST00000013845.12","+",17,1172,"STRG.225.1",1,1156,"STRG.225","",0,0
"245",245,"ENSMUST00000013845.12","+",17,1172,"STRG.225.2",2,1097,"STRG.225","",0,0
"246",246,"ENSMUST00000198389.4","+",8,2998,"STRG.226.1",1,2991,"STRG.226","",0,0
"247",247,"ENSMUST00000049527.6","+",40,1498,"STRG.228.1",1,1459,"STRG.228","",0,0
"248",248,"ENSMUST00000049527.6","+",2538,3355,"STRG.227.1",1,818,"STRG.227","",0,0
"249",249,"ENSMUST00000043757.14",".",1434,3161,"STRG.229.1",1,1728,"STRG.229","",0,0
"250",250,"ENSMUST00000070198.13","+",1790,4617,"STRG.232.1",1,2828,"STRG.232","",0,0
"251",251,"ENSMUST00000067936.5","+",1161,2149,"STRG.230.1",1,989,"STRG.230","",0,0
"252",252,"ENSMUST00000033394.7","+",522,1523,"STRG.231.1",1,1002,"STRG.231","",0,0
"253",253,"ENSMUST00000005053.13","+",1,948,"STRG.233.1",1,948,"STRG.233","",0,0
"254",254,"ENSMUST00000094695.11","+",83,2249,"STRG.234.1",1,2167,"STRG.234","",0,0
"255",255,"ENSMUST00000054274.7","+",1466,4344,"STRG.235.1",1,2879,"STRG.235","",0,0
"256",256,"ENSMUST00000040344.6","+",21,3853,"STRG.236.1",1,3833,"STRG.236","",0,0
"257",257,"ENSMUST00000219216.1","+",249,3013,"STRG.237.1",1,2765,"STRG.237","",0,0
"258",258,"ENSMUST00000107722.7","+",47,3051,"STRG.238.1",1,3005,"STRG.238","",0,0
"259",259,"ENSMUST00000057859.8","+",2604,4662,"STRG.239.1",1,2059,"STRG.239","",0,0
"260",260,"ENSMUST00000020027.10","+",68,2880,"STRG.240.1",1,2813,"STRG.240","",0,0
"261",261,"ENSMUST00000020027.10","+",68,2880,"STRG.240.2",2,2802,"STRG.240","",0,0
"262",262,"ENSMUST00000016105.8","+",104,2187,"STRG.241.1",1,2084,"STRG.241","",0,0
"263",263,"ENSMUST00000026128.9","+",61,805,"STRG.242.1",1,745,"STRG.242","",0,0
"264",264,"ENSMUST00000102993.9",".",385,1556,"STRG.243.1",1,1172,"STRG.243","",0,0
"265",265,"ENSMUST00000102993.9","+",1561,2965,"STRG.244.1",1,1405,"STRG.244","",0,0
"266",266,"ENSMUST00000026902.8","+",1411,3522,"STRG.245.1",1,2112,"STRG.245","",0,0
"267",267,"ENSMUST00000177163.7","+",9,544,"STRG.246.1",1,536,"STRG.246","",0,0
"268",268,"ENSMUST00000176683.7","+",59,437,"STRG.247.1",1,379,"STRG.247","",0,0
"269",269,"ENSMUST00000176010.7","+",156,582,"STRG.248.1",1,427,"STRG.248","",0,0
"270",270,"ENSMUST00000177513.1","+",35,680,"STRG.249.1",2,378,"STRG.249","",0,0
"271",271,"ENSMUST00000176906.1","+",8,509,"STRG.251.1",2,478,"STRG.251","",0,0
"272",272,"ENSMUST00000176184.1",".",362,676,"STRG.250.1",1,315,"STRG.250","",0,0
"273",273,"ENSMUST00000106454.7","+",487,2132,"STRG.252.1",1,1646,"STRG.252","",0,0
"274",274,"ENSMUST00000016703.7","+",14,1656,"STRG.254.1",1,1643,"STRG.254","",0,0
"275",275,"ENSMUST00000038108.11","+",38,481,"STRG.253.1",1,444,"STRG.253","",0,0
"276",276,"ENSMUST00000055518.12","+",3075,6914,"STRG.257.1",1,3840,"STRG.257","",0,0
"277",277,"ENSMUST00000055518.12","+",3075,6914,"STRG.257.2",2,3820,"STRG.257","",0,0
"278",278,"ENSMUST00000035532.12","+",1988,2911,"STRG.255.1",1,924,"STRG.255","",0,0
"279",279,"ENSMUST00000029024.9","+",97,1928,"STRG.256.1",1,1832,"STRG.256","",0,0
"280",280,"ENSMUST00000077353.14","+",52,1596,"STRG.258.1",1,1545,"STRG.258","",0,0
"281",281,"ENSMUST00000097558.4","+",213,1534,"STRG.259.1",1,1322,"STRG.259","",0,0
"282",282,"ENSMUST00000029165.3","+",2,1045,"STRG.260.1",1,1044,"STRG.260","",0,0
"283",283,"ENSMUST00000020316.3",".",458,2483,"STRG.261.1",1,2026,"STRG.261","",0,0
"284",284,"ENSMUST00000020316.3","+",2492,3023,"STRG.262.1",1,532,"STRG.262","",0,0
"285",285,"ENSMUST00000001240.11","+",2,1556,"STRG.263.1",1,1555,"STRG.263","",0,0
"286",286,"ENSMUST00000001240.11","+",2162,5367,"STRG.265.1",1,3206,"STRG.265","",0,0
"287",287,"ENSMUST00000105389.7","+",259,1641,"STRG.264.1",1,1383,"STRG.264","",0,0
"288",288,"ENSMUST00000166360.7","+",12,1331,"STRG.266.1",1,1320,"STRG.266","",0,0
"289",289,"ENSMUST00000026129.15","+",22,1881,"STRG.268.1",1,1860,"STRG.268","",0,0
"290",290,"ENSMUST00000020317.7","+",39,1544,"STRG.267.1",1,1506,"STRG.267","",0,0
"291",291,"ENSMUST00000109399.8","+",4861,8445,"STRG.269.1",1,3585,"STRG.269","",0,0
"292",292,"ENSMUST00000109401.7","+",57,3434,"STRG.270.1",1,3378,"STRG.270","",0,0
"293",293,"ENSMUST00000109401.7","+",5660,8453,"STRG.271.1",1,2794,"STRG.271","",0,0
"294",294,"ENSMUST00000026425.12","+",37,1690,"STRG.272.1",1,1654,"STRG.272","",0,0
"295",295,"ENSMUST00000131728.3","+",22,1616,"STRG.273.1",1,1595,"STRG.273","",0,0
"296",296,"ENSMUST00000145664.8","+",6093,8187,"STRG.274.1",1,2095,"STRG.274","",0,0
"297",297,"ENSMUST00000021669.14","+",36,742,"STRG.275.1",1,707,"STRG.275","",0,0
"298",298,"ENSMUST00000043169.13","+",504,5446,"STRG.276.1",1,4943,"STRG.276","",0,0
"299",299,"ENSMUST00000218004.1","+",2,6005,"STRG.277.1",1,6004,"STRG.277","",0,0
"300",300,"ENSMUST00000058162.13",".",1508,1929,"STRG.279.1",1,422,"STRG.279","",0,0
"301",301,"ENSMUST00000058162.13","+",1936,4923,"STRG.280.1",1,2988,"STRG.280","",0,0
"302",302,"ENSMUST00000072725.11",".",367,770,"STRG.278.1",1,404,"STRG.278","",0,0
"303",303,"ENSMUST00000154853.7","+",27,668,"STRG.283.1",1,642,"STRG.283","",0,0
"304",304,"ENSMUST00000087200.3",".",17,804,"STRG.281.1",1,788,"STRG.281","",0,0
"305",305,"ENSMUST00000087200.3",".",816,2242,"STRG.282.1",1,1427,"STRG.282","",0,0
"306",306,"ENSMUST00000018755.9","+",41,1182,"STRG.286.1",1,1142,"STRG.286","",0,0
"307",307,"ENSMUST00000095427.10","+",148,1922,"STRG.287.1",2,1723,"STRG.287","",0,0
"308",308,"ENSMUST00000118366.7","+",1282,1867,"STRG.285.1",1,586,"STRG.285","",0,0
"309",309,"ENSMUST00000193266.5","+",3503,4942,"STRG.284.1",1,1440,"STRG.284","",0,0
"310",310,"ENSMUST00000029303.12","+",2556,6072,"STRG.288.1",1,3517,"STRG.288","",0,0
"311",311,"ENSMUST00000133625.7","+",1058,1912,"STRG.289.1",1,855,"STRG.289","",0,0
"312",312,"ENSMUST00000134255.7","+",169,1868,"STRG.290.1",2,1612,"STRG.290","",0,0
"313",313,"ENSMUST00000040907.6","+",163,2187,"STRG.291.1",1,2025,"STRG.291","",0,0
"314",314,"ENSMUST00000092802.11","+",1985,4389,"STRG.293.1",1,2405,"STRG.293","",0,0
"315",315,"ENSMUST00000075303.6","+",14,1928,"STRG.292.1",1,1915,"STRG.292","",0,0
"316",316,"ENSMUST00000112390.7","+",3502,6534,"STRG.294.1",1,3033,"STRG.294","",0,0
"317",317,"ENSMUST00000018711.14","+",437,1351,"STRG.295.1",1,915,"STRG.295","",0,0
"318",318,"ENSMUST00000018711.14","+",437,1351,"STRG.295.2",2,903,"STRG.295","",0,0
"319",319,"ENSMUST00000144443.1","+",8,932,"STRG.296.1",1,925,"STRG.296","",0,0
"320",320,"ENSMUST00000144443.1","+",8,932,"STRG.296.2",2,784,"STRG.296","",0,0
"321",321,"ENSMUST00000051633.2","+",987,2992,"STRG.297.1",1,2006,"STRG.297","",0,0
"322",322,"ENSMUST00000041361.13","+",1256,4556,"STRG.298.1",1,3301,"STRG.298","",0,0
"323",323,"ENSMUST00000022197.14","+",619,2523,"STRG.299.1",1,1905,"STRG.299","",0,0
"324",324,"ENSMUST00000022197.14","+",2556,4136,"STRG.300.1",1,1581,"STRG.300","",0,0
"325",325,"ENSMUST00000107664.2","+",1857,4366,"STRG.301.1",1,2510,"STRG.301","",0,0
"326",326,"ENSMUST00000082059.6","+",2395,6014,"STRG.302.1",1,3620,"STRG.302","",0,0
"327",327,"ENSMUST00000080015.11","+",1,1761,"STRG.303.1",1,1761,"STRG.303","",0,0
"328",328,"ENSMUST00000080015.11","+",1,1761,"STRG.303.2",2,1745,"STRG.303","",0,0
"329",329,"ENSMUST00000077960.6","+",1,1694,"STRG.304.1",1,1694,"STRG.304","",0,0
"330",330,"ENSMUST00000017637.12","+",12,2094,"STRG.305.1",1,2083,"STRG.305","",0,0
"331",331,"ENSMUST00000017637.12","+",12,2094,"STRG.305.2",2,2067,"STRG.305","",0,0
"332",332,"ENSMUST00000002436.10","+",1,3321,"STRG.306.1",1,3321,"STRG.306","",0,0
"333",333,"ENSMUST00000219591.1","+",190,594,"STRG.307.1",1,405,"STRG.307","",0,0
"334",334,"ENSMUST00000026420.6","+",253,681,"STRG.308.1",1,429,"STRG.308","",0,0
"335",335,"ENSMUST00000174161.1","+",1446,2438,"STRG.309.1",3,676,"STRG.309","",0,0
"336",336,"ENSMUST00000174161.1","+",1446,2438,"STRG.309.2",3,674,"STRG.309","",0,0
"337",337,"ENSMUST00000102678.4","+",144,1469,"STRG.310.1",1,1326,"STRG.310","",0,0
"338",338,"ENSMUST00000020268.6","+",2771,4325,"STRG.311.1",1,1555,"STRG.311","",0,0
"339",339,"ENSMUST00000125172.7","+",52,1799,"STRG.312.1",1,1748,"STRG.312","",0,0
"340",340,"ENSMUST00000067530.4","+",54,2049,"STRG.313.1",1,1996,"STRG.313","",0,0
"341",341,"ENSMUST00000092295.9","+",101,1657,"STRG.314.1",1,1557,"STRG.314","",0,0
"342",342,"ENSMUST00000029106.12","+",3445,5306,"STRG.315.1",1,1862,"STRG.315","",0,0
"343",343,"ENSMUST00000054764.8","+",877,2497,"STRG.316.1",1,1621,"STRG.316","",0,0
"344",344,"ENSMUST00000044638.12","+",1405,3538,"STRG.317.1",1,2134,"STRG.317","",0,0
"345",345,"ENSMUST00000074628.12","+",49,1826,"STRG.318.1",1,1778,"STRG.318","",0,0
"346",346,"ENSMUST00000224282.1","+",215,996,"STRG.319.1",1,782,"STRG.319","",0,0
"347",347,"ENSMUST00000041059.11","+",1326,3188,"STRG.321.1",1,1863,"STRG.321","",0,0
"348",348,"ENSMUST00000103140.4","+",1606,3091,"STRG.320.1",1,1486,"STRG.320","",0,0
"349",349,"ENSMUST00000049124.9","+",48,3007,"STRG.323.1",1,2960,"STRG.323","",0,0
"350",350,"ENSMUST00000000727.3","+",15,3180,"STRG.322.1",1,3166,"STRG.322","",0,0
"351",351,"ENSMUST00000028835.12","+",1,1924,"STRG.325.1",1,1924,"STRG.325","",0,0
"352",352,"ENSMUST00000028835.12","+",1,1924,"STRG.325.2",2,1911,"STRG.325","",0,0
"353",353,"ENSMUST00000038772.12","+",370,1546,"STRG.324.1",1,1177,"STRG.324","",0,0
"354",354,"ENSMUST00000025010.13","+",1358,2550,"STRG.326.1",1,1193,"STRG.326","",0,0
"355",355,"ENSMUST00000103133.3","+",582,2919,"STRG.327.1",1,2338,"STRG.327","",0,0
"356",356,"ENSMUST00000106128.6",".",3184,3581,"STRG.328.1",1,398,"STRG.328","",0,0
"357",357,"ENSMUST00000106128.6",".",3706,5762,"STRG.329.1",1,2057,"STRG.329","",0,0
"358",358,"ENSMUST00000025014.8","+",2,1048,"STRG.330.1",1,1047,"STRG.330","",0,0
"359",359,"ENSMUST00000020372.5","+",2,445,"STRG.331.1",1,444,"STRG.331","",0,0
"360",360,"ENSMUST00000141683.1","+",1,605,"STRG.332.1",2,409,"STRG.332","",0,0
"361",361,"ENSMUST00000138428.7","+",2,520,"STRG.333.1",2,380,"STRG.333","",0,0
"362",362,"ENSMUST00000079324.13","+",1,2525,"STRG.336.1",1,2525,"STRG.336","",0,0
"363",363,"ENSMUST00000079324.13","+",1,2525,"STRG.336.2",2,2419,"STRG.336","",0,0
"364",364,"ENSMUST00000087012.6","+",5,1928,"STRG.335.1",1,1924,"STRG.335","",0,0
"365",365,"ENSMUST00000219374.1","+",1031,1850,"STRG.334.1",1,820,"STRG.334","",0,0
"366",366,"ENSMUST00000062678.10","+",48,1984,"STRG.337.1",1,1937,"STRG.337","",0,0
"367",367,"ENSMUST00000111726.9","+",25,1367,"STRG.338.1",1,1343,"STRG.338","",0,0
"368",368,"ENSMUST00000111724.7",".",341,1618,"STRG.339.1",1,1278,"STRG.339","",0,0
"369",369,"ENSMUST00000111721.1","+",27,1336,"STRG.340.1",1,1310,"STRG.340","",0,0
"370",370,"ENSMUST00000020323.6","+",34,2665,"STRG.341.1",1,2632,"STRG.341","",0,0
"371",371,"ENSMUST00000106439.1","+",72,1407,"STRG.342.1",1,1336,"STRG.342","",0,0
"372",372,"ENSMUST00000005185.7","+",22,603,"STRG.343.1",1,582,"STRG.343","",0,0
"373",373,"ENSMUST00000153957.7","+",7,2037,"STRG.344.1",1,2031,"STRG.344","",0,0
"374",374,"ENSMUST00000044415.15","+",16,2096,"STRG.345.1",1,2081,"STRG.345","",0,0
"375",375,"ENSMUST00000021843.12","+",1,1061,"STRG.346.1",2,977,"STRG.346","",0,0
"376",376,"ENSMUST00000058978.8","+",1,1037,"STRG.347.1",1,1037,"STRG.347","",0,0
"377",377,"ENSMUST00000058978.8","+",1829,3834,"STRG.348.1",1,2006,"STRG.348","",0,0
"378",378,"ENSMUST00000041616.14","+",64,2702,"STRG.351.1",1,2639,"STRG.351","",0,0
"379",379,"ENSMUST00000041616.14","+",3978,5124,"STRG.352.1",1,1147,"STRG.352","",0,0
"380",380,"ENSMUST00000026409.4","+",11,1060,"STRG.349.1",1,1050,"STRG.349","",0,0
"381",381,"ENSMUST00000219215.1","+",1,1051,"STRG.350.1",2,1004,"STRG.350","",0,0
"382",382,"ENSMUST00000152700.7",".",16,224,"STRG.353.1",1,209,"STRG.353","",0,0
"383",383,"ENSMUST00000152700.7",".",364,846,"STRG.354.1",1,483,"STRG.354","",0,0
"384",384,"ENSMUST00000141169.1","+",10,793,"STRG.357.1",2,696,"STRG.357","",0,0
"385",385,"ENSMUST00000220381.1",".",10,433,"STRG.355.1",1,424,"STRG.355","",0,0
"386",386,"ENSMUST00000220381.1",".",625,895,"STRG.356.1",1,271,"STRG.356","",0,0
"387",387,"ENSMUST00000105230.3","+",29,913,"STRG.358.1",1,885,"STRG.358","",0,0
"388",388,"ENSMUST00000051065.5","+",4690,6517,"STRG.361.1",1,1828,"STRG.361","",0,0
"389",389,"ENSMUST00000028623.12","+",1325,2860,"STRG.360.1",1,1536,"STRG.360","",0,0
"390",390,"ENSMUST00000022196.4","+",2411,4005,"STRG.359.1",1,1595,"STRG.359","",0,0
"391",391,"ENSMUST00000149163.7",".",36,621,"STRG.362.1",1,586,"STRG.362","",0,0
"392",392,"ENSMUST00000149163.7",".",664,1024,"STRG.363.1",1,361,"STRG.363","",0,0
"393",393,"ENSMUST00000000844.14",".",18,696,"STRG.364.1",1,679,"STRG.364","",0,0
"394",394,"ENSMUST00000000844.14",".",710,964,"STRG.365.1",1,255,"STRG.365","",0,0
"395",395,"ENSMUST00000217745.1","+",37,3008,"STRG.370.1",1,2972,"STRG.370","",0,0
"396",396,"ENSMUST00000005606.7",".",254,1286,"STRG.366.1",1,1033,"STRG.366","",0,0
"397",397,"ENSMUST00000005606.7",".",1293,2276,"STRG.367.1",1,984,"STRG.367","",0,0
"398",398,"ENSMUST00000098604.11",".",1,403,"STRG.368.1",1,403,"STRG.368","",0,0
"399",399,"ENSMUST00000098604.11",".",572,1383,"STRG.369.1",1,812,"STRG.369","",0,0
"400",400,"ENSMUST00000207601.1","+",2,1285,"STRG.371.1",2,1210,"STRG.371","",0,0
"401",401,"ENSMUST00000207601.1","+",2,1285,"STRG.371.2",3,1199,"STRG.371","",0,0
"402",402,"ENSMUST00000207601.1","+",2,1285,"STRG.371.3",3,1198,"STRG.371","",0,0
"403",403,"ENSMUST00000026411.7","+",188,3402,"STRG.372.1",1,3215,"STRG.372","",0,0
"404",404,"ENSMUST00000102536.10","+",7,617,"STRG.374.1",1,611,"STRG.374","",0,0
"405",405,"ENSMUST00000125726.7","+",5,797,"STRG.373.1",1,793,"STRG.373","",0,0
"406",406,"ENSMUST00000032585.7","+",90,1282,"STRG.375.1",1,1193,"STRG.375","",0,0
"407",407,"ENSMUST00000026135.14","+",44,1807,"STRG.377.1",1,1764,"STRG.377","",0,0
"408",408,"ENSMUST00000048187.5","+",12,536,"STRG.376.1",1,525,"STRG.376","",0,0
"409",409,"ENSMUST00000017920.13","+",25,3642,"STRG.378.1",2,3446,"STRG.378","",0,0
"410",410,"ENSMUST00000108425.7","+",1749,3454,"STRG.379.1",1,1706,"STRG.379","",0,0
"411",411,"ENSMUST00000057454.3","+",12,642,"STRG.380.1",1,631,"STRG.380","",0,0
"412",412,"ENSMUST00000102780.7","+",3174,4175,"STRG.381.1",1,1002,"STRG.381","",0,0
"413",413,"ENSMUST00000106946.7","+",284,4360,"STRG.382.1",1,4077,"STRG.382","",0,0
"414",414,"ENSMUST00000106945.7","+",182,4175,"STRG.383.1",1,3994,"STRG.383","",0,0
"415",415,"ENSMUST00000024811.7",".",1607,2638,"STRG.384.1",1,1032,"STRG.384","",0,0
"416",416,"ENSMUST00000073792.10","+",4866,6290,"STRG.385.1",1,1425,"STRG.385","",0,0
"417",417,"ENSMUST00000222536.1","+",1107,3973,"STRG.386.1",1,2867,"STRG.386","",0,0
"418",418,"ENSMUST00000195419.1","+",636,1251,"STRG.387.1",1,616,"STRG.387","",0,0
"419",419,"ENSMUST00000035325.14",".",24,2588,"STRG.388.1",1,2565,"STRG.388","",0,0
"420",420,"ENSMUST00000035325.14","+",2657,3344,"STRG.389.1",1,688,"STRG.389","",0,0
"421",421,"ENSMUST00000111764.7","+",17,2719,"STRG.391.1",2,2425,"STRG.391","",0,0
"422",422,"ENSMUST00000194632.1","+",731,2433,"STRG.390.1",1,1703,"STRG.390","",0,0
"423",423,"ENSMUST00000105343.7","+",1634,2849,"STRG.392.1",1,1216,"STRG.392","",0,0
"424",424,"ENSMUST00000203527.1","+",1330,1993,"STRG.393.1",1,664,"STRG.393","",0,0
"425",425,"ENSMUST00000019354.10","+",83,1312,"STRG.394.1",1,1230,"STRG.394","",0,0
"426",426,"ENSMUST00000067664.9",".",65,1081,"STRG.395.1",1,1017,"STRG.395","",0,0
"427",427,"ENSMUST00000067664.9","+",1086,2084,"STRG.396.1",1,999,"STRG.396","",0,0
"428",428,"ENSMUST00000024816.12","+",116,3744,"STRG.397.1",1,3629,"STRG.397","",0,0
"429",429,"ENSMUST00000025050.12","+",38,2212,"STRG.399.1",1,2175,"STRG.399","",0,0
"430",430,"ENSMUST00000163507.7","+",1925,2816,"STRG.398.1",1,892,"STRG.398","",0,0
"431",431,"ENSMUST00000046644.6","+",23,540,"STRG.400.1",1,518,"STRG.400","",0,0
"432",432,"ENSMUST00000220819.1","+",28,616,"STRG.401.1",2,515,"STRG.401","",0,0
"433",433,"ENSMUST00000100309.2","+",3395,6644,"STRG.403.1",1,3250,"STRG.403","",0,0
"434",434,"ENSMUST00000231200.1","+",5089,6457,"STRG.402.1",1,1369,"STRG.402","",0,0
"435",435,"ENSMUST00000055424.12","+",8,600,"STRG.404.1",1,593,"STRG.404","",0,0
"436",436,"ENSMUST00000026137.7",".",184,668,"STRG.405.1",1,485,"STRG.405","",0,0
"437",437,"ENSMUST00000072334.11","+",2925,4943,"STRG.406.1",1,2019,"STRG.406","",0,0
"438",438,"ENSMUST00000233752.1","+",388,1011,"STRG.407.1",1,624,"STRG.407","",0,0
"439",439,"ENSMUST00000109096.8","+",1300,2464,"STRG.408.1",1,1165,"STRG.408","",0,0
"440",440,"ENSMUST00000087876.10","+",2413,3719,"STRG.409.1",1,1307,"STRG.409","",0,0
"441",441,"ENSMUST00000087871.10","+",2137,3903,"STRG.410.1",1,1767,"STRG.410","",0,0
"442",442,"ENSMUST00000109085.7","+",152,1789,"STRG.412.1",1,1638,"STRG.412","",0,0
"443",443,"ENSMUST00000109084.7","+",5,1694,"STRG.411.1",1,1690,"STRG.411","",0,0
"444",444,"ENSMUST00000109087.7","+",10,1708,"STRG.413.1",1,1699,"STRG.413","",0,0
"445",445,"ENSMUST00000032898.8","+",26,4513,"STRG.416.1",1,4488,"STRG.416","",0,0
"446",446,"ENSMUST00000228277.1","+",3441,4137,"STRG.414.1",1,697,"STRG.414","",0,0
"447",447,"ENSMUST00000114849.2","+",6740,8634,"STRG.415.1",1,1895,"STRG.415","",0,0
"448",448,"ENSMUST00000048377.10","+",3337,5590,"STRG.417.1",1,2254,"STRG.417","",0,0
"449",449,"ENSMUST00000044977.9","+",118,3143,"STRG.418.1",1,3026,"STRG.418","",0,0
"450",450,"ENSMUST00000114153.1",".",7,423,"STRG.419.1",1,417,"STRG.419","",0,0
"451",451,"ENSMUST00000114153.1",".",772,1097,"STRG.420.1",1,326,"STRG.420","",0,0
"452",452,"ENSMUST00000029722.6","+",65,977,"STRG.422.1",1,913,"STRG.422","",0,0
"453",453,"ENSMUST00000026405.9","+",14,550,"STRG.421.1",1,537,"STRG.421","",0,0
"454",454,"ENSMUST00000006629.13","+",7477,8461,"STRG.423.1",1,985,"STRG.423","",0,0
"455",455,"ENSMUST00000145315.1","+",1973,2949,"STRG.424.1",1,977,"STRG.424","",0,0
"456",456,"ENSMUST00000011877.12","+",6207,8234,"STRG.425.1",1,2028,"STRG.425","",0,0
"457",457,"ENSMUST00000023478.7",".",2182,3009,"STRG.426.1",1,828,"STRG.426","",0,0
"458",458,"ENSMUST00000023478.7",".",3020,3378,"STRG.427.1",1,359,"STRG.427","",0,0
"459",459,"ENSMUST00000013693.10","+",40,1458,"STRG.428.1",1,1419,"STRG.428","",0,0
"460",460,"ENSMUST00000199767.4","+",10,1594,"STRG.429.1",2,1485,"STRG.429","",0,0
"461",461,"ENSMUST00000026506.4","+",58,1501,"STRG.430.1",1,1444,"STRG.430","",0,0
"462",462,"ENSMUST00000066587.11","+",278,3987,"STRG.431.1",1,3710,"STRG.431","",0,0
"463",463,"ENSMUST00000072948.10","+",33,3743,"STRG.432.1",1,3711,"STRG.432","",0,0
"464",464,"ENSMUST00000148601.1","+",547,3538,"STRG.433.1",1,2992,"STRG.433","",0,0
"465",465,"ENSMUST00000130229.7","+",1047,3292,"STRG.434.1",1,2246,"STRG.434","",0,0
"466",466,"ENSMUST00000106148.9","+",1,815,"STRG.435.1",1,815,"STRG.435","",0,0
"467",467,"ENSMUST00000026144.4","+",1,891,"STRG.436.1",1,891,"STRG.436","",0,0
"468",468,"ENSMUST00000125242.7","+",1,910,"STRG.438.1",1,910,"STRG.438","",0,0
"469",469,"ENSMUST00000125242.7","+",1,910,"STRG.438.2",2,827,"STRG.438","",0,0
"470",470,"ENSMUST00000122883.1",".",6,896,"STRG.437.1",1,891,"STRG.437","",0,0
"471",471,"ENSMUST00000027810.13","+",52,1650,"STRG.441.1",1,1599,"STRG.441","",0,0
"472",472,"ENSMUST00000130996.1","+",219,539,"STRG.439.1",1,321,"STRG.439","",0,0
"473",473,"ENSMUST00000133218.1","+",462,936,"STRG.440.1",1,475,"STRG.440","",0,0
"474",474,"ENSMUST00000040250.14","+",144,2695,"STRG.442.1",1,2552,"STRG.442","",0,0
"475",475,"ENSMUST00000040250.14","+",144,2695,"STRG.442.2",2,2541,"STRG.442","",0,0
"476",476,"ENSMUST00000097458.3","+",1147,2413,"STRG.443.1",1,1267,"STRG.443","",0,0
"477",477,"ENSMUST00000097458.3","+",1147,2413,"STRG.443.2",2,1254,"STRG.443","",0,0
"478",478,"ENSMUST00000028225.11","+",34,2044,"STRG.444.1",1,2011,"STRG.444","",0,0
"479",479,"ENSMUST00000143456.1","+",2642,3373,"STRG.445.1",1,732,"STRG.445","",0,0
"480",480,"ENSMUST00000159117.1","+",117,2636,"STRG.446.1",1,2520,"STRG.446","",0,0
"481",481,"ENSMUST00000037748.8","+",1208,3419,"STRG.447.1",1,2212,"STRG.447","",0,0
"482",482,"ENSMUST00000113068.8","+",88,980,"STRG.448.1",1,893,"STRG.448","",0,0
"483",483,"ENSMUST00000028228.5","+",690,2134,"STRG.449.1",1,1445,"STRG.449","",0,0
"484",484,"ENSMUST00000054387.7",".",2244,3147,"STRG.450.1",1,904,"STRG.450","",0,0
"485",485,"ENSMUST00000000594.8","+",1,1039,"STRG.451.1",1,1039,"STRG.451","",0,0
"486",486,"ENSMUST00000170382.4","+",6,448,"STRG.453.1",1,443,"STRG.453","",0,0
"487",487,"ENSMUST00000175865.5",".",432,713,"STRG.452.1",1,282,"STRG.452","",0,0
"488",488,"ENSMUST00000008016.2","+",335,1273,"STRG.454.1",1,939,"STRG.454","",0,0
"489",489,"ENSMUST00000026398.4","+",1,1230,"STRG.455.1",1,1230,"STRG.455","",0,0
"490",490,"ENSMUST00000040987.10","+",85,2699,"STRG.457.1",1,2615,"STRG.457","",0,0
"491",491,"ENSMUST00000040987.10","+",85,2699,"STRG.457.2",2,2604,"STRG.457","",0,0
"492",492,"ENSMUST00000027781.6","+",22,463,"STRG.456.1",1,442,"STRG.456","",0,0
"493",493,"ENSMUST00000009256.3","+",25,3074,"STRG.458.1",1,3050,"STRG.458","",0,0
"494",494,"ENSMUST00000114859.8","+",2323,3558,"STRG.459.1",1,1236,"STRG.459","",0,0
"495",495,"ENSMUST00000042312.13","+",61,2501,"STRG.460.1",1,2441,"STRG.460","",0,0
"496",496,"ENSMUST00000129339.7","+",315,1119,"STRG.461.1",1,805,"STRG.461","",0,0
"497",497,"ENSMUST00000188524.1","+",170,681,"STRG.462.1",1,512,"STRG.462","",0,0
"498",498,"ENSMUST00000027108.12","+",2,798,"STRG.463.1",3,748,"STRG.463","",0,0
"499",499,"ENSMUST00000114882.8","+",315,885,"STRG.464.1",1,571,"STRG.464","",0,0
"500",500,"ENSMUST00000114881.8","+",108,636,"STRG.465.1",1,529,"STRG.465","",0,0
"501",501,"ENSMUST00000020334.8","+",1155,3171,"STRG.467.1",1,2017,"STRG.467","",0,0
"502",502,"ENSMUST00000219937.1","+",1019,1569,"STRG.466.1",1,551,"STRG.466","",0,0
"503",503,"ENSMUST00000041045.13","+",88,1066,"STRG.468.1",1,979,"STRG.468","",0,0
"504",504,"ENSMUST00000027111.14","+",157,2658,"STRG.470.1",1,2502,"STRG.470","",0,0
"505",505,"ENSMUST00000187835.1","+",298,813,"STRG.469.1",1,516,"STRG.469","",0,0
"506",506,"ENSMUST00000168099.8","+",55,2590,"STRG.471.1",1,2536,"STRG.471","",0,0
"507",507,"ENSMUST00000001326.6","+",4069,7716,"STRG.472.1",1,3648,"STRG.472","",0,0
"508",508,"ENSMUST00000032899.11","+",30,1432,"STRG.473.1",1,1403,"STRG.473","",0,0
"509",509,"ENSMUST00000151254.1","+",8,1430,"STRG.474.1",2,1405,"STRG.474","",0,0
"510",510,"ENSMUST00000035166.11","+",46,2403,"STRG.475.1",1,2358,"STRG.475","",0,0
"511",511,"ENSMUST00000173669.1","+",125,749,"STRG.476.1",1,625,"STRG.476","",0,0
"512",512,"ENSMUST00000069507.8","+",231,5379,"STRG.478.1",1,5149,"STRG.478","",0,0
"513",513,"ENSMUST00000120854.7","+",1584,3072,"STRG.477.1",1,1489,"STRG.477","",0,0
"514",514,"ENSMUST00000047799.12","+",46,3369,"STRG.480.1",1,3324,"STRG.480","",0,0
"515",515,"ENSMUST00000100134.9","+",16,1924,"STRG.479.1",2,1833,"STRG.479","",0,0
"516",516,"ENSMUST00000131422.7","+",48,4120,"STRG.481.1",1,4073,"STRG.481","",0,0
"517",517,"ENSMUST00000023867.7","+",655,1517,"STRG.482.1",1,863,"STRG.482","",0,0
"518",518,"ENSMUST00000090178.9","+",8536,9458,"STRG.483.1",1,923,"STRG.483","",0,0
"519",519,"ENSMUST00000020022.7","+",262,1961,"STRG.484.1",1,1700,"STRG.484","",0,0
"520",520,"ENSMUST00000022286.7","+",188,849,"STRG.485.1",1,662,"STRG.485","",0,0
"521",521,"ENSMUST00000225707.1","+",2,685,"STRG.486.1",2,634,"STRG.486","",0,0
"522",522,"ENSMUST00000002529.6","+",58,3054,"STRG.488.1",1,2997,"STRG.488","",0,0
"523",523,"ENSMUST00000211781.1","+",324,3261,"STRG.487.1",1,2938,"STRG.487","",0,0
"524",524,"ENSMUST00000211781.1","+",7385,10979,"STRG.491.1",1,3595,"STRG.491","",0,0
"525",525,"ENSMUST00000063318.9",".",390,2415,"STRG.489.1",1,2026,"STRG.489","",0,0
"526",526,"ENSMUST00000105257.3",".",535,2144,"STRG.490.1",1,1610,"STRG.490","",0,0
"527",527,"ENSMUST00000155676.7","+",143,2426,"STRG.493.1",1,2284,"STRG.493","",0,0
"528",528,"ENSMUST00000015434.14",".",252,644,"STRG.492.1",1,393,"STRG.492","",0,0
"529",529,"ENSMUST00000040833.4","+",80,1941,"STRG.494.1",1,1862,"STRG.494","",0,0
"530",530,"ENSMUST00000168345.5","+",13,1257,"STRG.495.1",1,1245,"STRG.495","",0,0
"531",531,"ENSMUST00000042118.10","+",3649,4841,"STRG.496.1",1,1193,"STRG.496","",0,0
"532",532,"ENSMUST00000106135.7",".",26,1139,"STRG.497.1",1,1114,"STRG.497","",0,0
"533",533,"ENSMUST00000106135.7",".",1141,1863,"STRG.498.1",1,723,"STRG.498","",0,0
"534",534,"ENSMUST00000026151.10",".",253,1206,"STRG.499.1",1,954,"STRG.499","",0,0
"535",535,"ENSMUST00000026151.10",".",1225,1928,"STRG.500.1",1,704,"STRG.500","",0,0
"536",536,"ENSMUST00000146008.1","+",2361,2981,"STRG.501.1",1,621,"STRG.501","",0,0
"537",537,"ENSMUST00000002133.8","+",1,1264,"STRG.502.1",1,1264,"STRG.502","",0,0
"538",538,"ENSMUST00000154080.1","+",348,951,"STRG.503.1",1,604,"STRG.503","",0,0
"539",539,"ENSMUST00000006851.14","+",191,3325,"STRG.504.1",2,3119,"STRG.504","",0,0
"540",540,"ENSMUST00000006217.9","+",43,1004,"STRG.505.1",1,962,"STRG.505","",0,0
"541",541,"ENSMUST00000192506.1","+",1658,3152,"STRG.506.1",5,1069,"STRG.506","",0,0
"542",542,"ENSMUST00000117757.8","+",77,1273,"STRG.507.1",1,1197,"STRG.507","",0,0
"543",543,"ENSMUST00000118875.7","+",179,1420,"STRG.508.1",1,1242,"STRG.508","",0,0
"544",544,"ENSMUST00000073605.14","+",77,1272,"STRG.509.1",1,1196,"STRG.509","",0,0
"545",545,"ENSMUST00000046977.11","+",2169,4105,"STRG.512.1",1,1937,"STRG.512","",0,0
"546",546,"ENSMUST00000068259.9","+",3407,5892,"STRG.511.1",1,2486,"STRG.511","",0,0
"547",547,"ENSMUST00000114323.7","+",2732,3795,"STRG.510.1",1,1064,"STRG.510","",0,0
"548",548,"ENSMUST00000173486.7","+",17,555,"STRG.513.1",1,539,"STRG.513","",0,0
"549",549,"ENSMUST00000162862.2","+",3157,4222,"STRG.514.1",1,1066,"STRG.514","",0,0
"550",550,"ENSMUST00000233633.1","+",3343,4064,"STRG.515.1",1,722,"STRG.515","",0,0
"551",551,"ENSMUST00000100528.4","+",1541,3994,"STRG.516.1",1,2454,"STRG.516","",0,0
"552",552,"ENSMUST00000183731.7","+",1701,2563,"STRG.517.1",1,863,"STRG.517","",0,0
"553",553,"ENSMUST00000113706.9",".",2291,3201,"STRG.518.1",1,911,"STRG.518","",0,0
"554",554,"ENSMUST00000034983.6","+",114,1967,"STRG.519.1",1,1854,"STRG.519","",0,0
"555",555,"ENSMUST00000162965.1","+",559,1943,"STRG.520.1",1,1385,"STRG.520","",0,0
"556",556,"ENSMUST00000055655.8","+",5931,9770,"STRG.522.1",1,3840,"STRG.522","",0,0
"557",557,"ENSMUST00000206589.1","+",6201,8319,"STRG.521.1",1,2119,"STRG.521","",0,0
"558",558,"ENSMUST00000090541.11","+",5,576,"STRG.523.1",1,572,"STRG.523","",0,0
"559",559,"ENSMUST00000107686.7","+",1,685,"STRG.524.1",1,685,"STRG.524","",0,0
"560",560,"ENSMUST00000107684.1","+",1,596,"STRG.526.1",1,596,"STRG.526","",0,0
"561",561,"ENSMUST00000178611.7","+",4,544,"STRG.525.1",1,541,"STRG.525","",0,0
"562",562,"ENSMUST00000031795.7","+",663,3009,"STRG.527.1",1,2347,"STRG.527","",0,0
"563",563,"ENSMUST00000011492.14","+",1152,2972,"STRG.528.1",1,1821,"STRG.528","",0,0
"564",564,"ENSMUST00000079573.12","+",6570,8826,"STRG.529.1",1,2257,"STRG.529","",0,0
"565",565,"ENSMUST00000105256.9","+",4102,4817,"STRG.530.1",1,716,"STRG.530","",0,0
"566",566,"ENSMUST00000105255.2","+",2807,4115,"STRG.531.1",1,1309,"STRG.531","",0,0
"567",567,"ENSMUST00000136331.7","+",47,2171,"STRG.532.1",1,2125,"STRG.532","",0,0
"568",568,"ENSMUST00000040560.10","+",51,1188,"STRG.533.1",1,1138,"STRG.533","",0,0
"569",569,"ENSMUST00000029805.12","+",22,3963,"STRG.537.1",1,3942,"STRG.537","",0,0
"570",570,"ENSMUST00000029805.12","+",22,3963,"STRG.537.2",2,3929,"STRG.537","",0,0
"571",571,"ENSMUST00000029805.12","+",22,3963,"STRG.537.3",2,3929,"STRG.537","",0,0
"572",572,"ENSMUST00000029671.8",".",654,2148,"STRG.534.1",1,1495,"STRG.534","",0,0
"573",573,"ENSMUST00000029671.8","+",2174,2910,"STRG.535.1",1,737,"STRG.535","",0,0
"574",574,"ENSMUST00000023810.11","+",51,1199,"STRG.536.1",1,1149,"STRG.536","",0,0
"575",575,"ENSMUST00000111757.9",".",4236,5067,"STRG.538.1",1,832,"STRG.538","",0,0
"576",576,"ENSMUST00000111757.9",".",5080,6065,"STRG.539.1",1,986,"STRG.539","",0,0
"577",577,"ENSMUST00000111754.8","+",47,1830,"STRG.540.1",1,1784,"STRG.540","",0,0
"578",578,"ENSMUST00000097526.2","+",1,2383,"STRG.542.1",1,2383,"STRG.542","",0,0
"579",579,"ENSMUST00000097526.2","+",1,2383,"STRG.542.2",2,2370,"STRG.542","",0,0
"580",580,"ENSMUST00000057676.6","+",168,1479,"STRG.541.1",1,1312,"STRG.541","",0,0
"581",581,"ENSMUST00000057500.5","+",69,1227,"STRG.543.1",1,1159,"STRG.543","",0,0
"582",582,"ENSMUST00000106391.7","+",3,1833,"STRG.544.1",1,1831,"STRG.544","",0,0
"583",583,"ENSMUST00000040656.7","+",2,1253,"STRG.546.1",1,1252,"STRG.546","",0,0
"584",584,"ENSMUST00000006915.13","+",44,1632,"STRG.545.1",1,1589,"STRG.545","",0,0
"585",585,"ENSMUST00000077477.11","+",70,1120,"STRG.547.1",1,1051,"STRG.547","",0,0
"586",586,"ENSMUST00000010421.6","+",5377,7443,"STRG.549.1",1,2067,"STRG.549","",0,0
"587",587,"ENSMUST00000070575.13","+",2602,3492,"STRG.548.1",1,891,"STRG.548","",0,0
"588",588,"ENSMUST00000020078.13","+",1229,4317,"STRG.551.1",1,3089,"STRG.551","",0,0
"589",589,"ENSMUST00000130451.1","+",46,1275,"STRG.550.1",1,1230,"STRG.550","",0,0
"590",590,"ENSMUST00000052590.7","+",355,1111,"STRG.552.1",1,757,"STRG.552","",0,0
"591",591,"ENSMUST00000039925.7","+",39,1560,"STRG.555.1",1,1522,"STRG.555","",0,0
"592",592,"ENSMUST00000124586.1","+",214,1611,"STRG.553.1",1,1398,"STRG.553","",0,0
"593",593,"ENSMUST00000063879.12","+",32,1644,"STRG.554.1",1,1613,"STRG.554","",0,0
"594",594,"ENSMUST00000039796.13","+",38,2961,"STRG.557.1",1,2924,"STRG.557","",0,0
"595",595,"ENSMUST00000118936.7","+",753,2838,"STRG.556.1",1,2086,"STRG.556","",0,0
"596",596,"ENSMUST00000029142.14","+",222,1500,"STRG.558.1",1,1279,"STRG.558","",0,0
"597",597,"ENSMUST00000042163.14","+",1003,5382,"STRG.561.1",1,4380,"STRG.561","",0,0
"598",598,"ENSMUST00000006911.11","+",40,1421,"STRG.559.1",1,1382,"STRG.559","",0,0
"599",599,"ENSMUST00000006911.11","-",1422,1952,"STRG.560.1",1,531,"STRG.560","",0,0
"600",600,"ENSMUST00000003310.6","+",5644,9608,"STRG.562.1",1,3965,"STRG.562","",0,0
"601",601,"ENSMUST00000060991.5","+",1,1551,"STRG.563.1",1,1551,"STRG.563","",0,0
"602",602,"ENSMUST00000109075.7","+",41,2273,"STRG.564.1",1,2233,"STRG.564","",0,0
"603",603,"ENSMUST00000016400.8","+",72,1441,"STRG.565.1",1,1370,"STRG.565","",0,0
"604",604,"ENSMUST00000031410.13","+",244,2214,"STRG.566.1",1,1971,"STRG.566","",0,0
"605",605,"ENSMUST00000026169.6","+",19,1296,"STRG.567.1",1,1278,"STRG.567","",0,0
"606",606,"ENSMUST00000038831.14","+",388,2376,"STRG.568.1",1,1989,"STRG.568","",0,0
"607",607,"ENSMUST00000046244.14","+",12,1437,"STRG.569.1",1,1426,"STRG.569","",0,0
"608",608,"ENSMUST00000080975.5","+",1024,2458,"STRG.570.1",1,1435,"STRG.570","",0,0
"609",609,"ENSMUST00000164259.8","+",1318,2626,"STRG.571.1",1,1309,"STRG.571","",0,0
"610",610,"ENSMUST00000174226.7","+",1661,4103,"STRG.573.1",1,2443,"STRG.573","",0,0
"611",611,"ENSMUST00000174226.7","+",1661,4103,"STRG.573.2",2,2355,"STRG.573","",0,0
"612",612,"ENSMUST00000174887.7","+",2765,3990,"STRG.572.1",1,1226,"STRG.572","",0,0
"613",613,"ENSMUST00000056601.10","+",19,2758,"STRG.574.1",1,2740,"STRG.574","",0,0
"614",614,"ENSMUST00000103015.3","+",11,3090,"STRG.575.1",1,3080,"STRG.575","",0,0
"615",615,"ENSMUST00000026173.12","+",50,2321,"STRG.577.1",1,2272,"STRG.577","",0,0
"616",616,"ENSMUST00000108769.7","+",21,1460,"STRG.576.1",1,1440,"STRG.576","",0,0
"617",617,"ENSMUST00000016396.7","+",25,419,"STRG.578.1",1,395,"STRG.578","",0,0
"618",618,"ENSMUST00000006914.10","+",1105,2393,"STRG.579.1",1,1289,"STRG.579","",0,0
"619",619,"ENSMUST00000026175.8","+",68,1040,"STRG.580.1",1,973,"STRG.580","",0,0
"620",620,"ENSMUST00000058245.4","+",10,917,"STRG.581.1",1,908,"STRG.581","",0,0
"621",621,"ENSMUST00000020775.8","+",40,738,"STRG.582.1",1,699,"STRG.582","",0,0
"622",622,"ENSMUST00000016401.14","+",107,1544,"STRG.583.1",1,1438,"STRG.583","",0,0
"623",623,"ENSMUST00000017430.11","+",61,1208,"STRG.584.1",1,1148,"STRG.584","",0,0
"624",624,"ENSMUST00000139129.8","+",2386,3100,"STRG.585.1",1,715,"STRG.585","",0,0
"625",625,"ENSMUST00000233974.1","+",548,2308,"STRG.586.1",1,1761,"STRG.586","",0,0
"626",626,"ENSMUST00000040402.13","+",33,1207,"STRG.587.1",1,1175,"STRG.587","",0,0
"627",627,"ENSMUST00000002844.13","+",20,1029,"STRG.589.1",1,1010,"STRG.589","",0,0
"628",628,"ENSMUST00000040577.4","+",377,1495,"STRG.588.1",1,1119,"STRG.588","",0,0
"629",629,"ENSMUST00000113669.8","+",181,732,"STRG.590.1",1,552,"STRG.590","",0,0
"630",630,"ENSMUST00000165953.2","+",435,1381,"STRG.591.1",1,947,"STRG.591","",0,0
"631",631,"ENSMUST00000019962.14","+",41,2921,"STRG.594.1",1,2881,"STRG.594","",0,0
"632",632,"ENSMUST00000088307.4","+",55,911,"STRG.592.1",1,857,"STRG.592","",0,0
"633",633,"ENSMUST00000232784.1","+",166,979,"STRG.593.1",1,814,"STRG.593","",0,0
"634",634,"ENSMUST00000092404.12","+",14,1892,"STRG.597.1",1,1879,"STRG.597","",0,0
"635",635,"ENSMUST00000040177.6",".",26,406,"STRG.595.1",1,381,"STRG.595","",0,0
"636",636,"ENSMUST00000040177.6",".",424,970,"STRG.596.1",1,547,"STRG.596","",0,0
"637",637,"ENSMUST00000152818.7","+",1386,1997,"STRG.598.1",1,612,"STRG.598","",0,0
"638",638,"ENSMUST00000109636.10","+",282,1291,"STRG.599.1",1,1010,"STRG.599","",0,0
"639",639,"ENSMUST00000134585.7","+",2000,2374,"STRG.600.1",1,375,"STRG.600","",0,0
"640",640,"ENSMUST00000037709.15","+",1,3238,"STRG.602.1",1,3238,"STRG.602","",0,0
"641",641,"ENSMUST00000032429.8","+",56,814,"STRG.601.1",1,759,"STRG.601","",0,0
"642",642,"ENSMUST00000206389.1","+",278,2256,"STRG.603.1",1,1979,"STRG.603","",0,0
"643",643,"ENSMUST00000130120.1","+",3731,4532,"STRG.604.1",1,802,"STRG.604","",0,0
"644",644,"ENSMUST00000020552.6","+",83,1139,"STRG.605.1",1,1057,"STRG.605","",0,0
"645",645,"ENSMUST00000167149.7",".",26,2010,"STRG.607.1",1,1985,"STRG.607","",0,0
"646",646,"ENSMUST00000167149.7",".",2021,3070,"STRG.608.1",1,1050,"STRG.608","",0,0
"647",647,"ENSMUST00000167149.7","+",3082,4592,"STRG.609.1",1,1511,"STRG.609","",0,0
"648",648,"ENSMUST00000013970.8","+",2519,3307,"STRG.606.1",1,789,"STRG.606","",0,0
"649",649,"ENSMUST00000233430.1","+",174,936,"STRG.610.1",1,763,"STRG.610","",0,0
"650",650,"ENSMUST00000002845.7","+",81,848,"STRG.611.1",1,768,"STRG.611","",0,0
"651",651,"ENSMUST00000088561.9",".",747,2777,"STRG.613.1",1,2031,"STRG.613","",0,0
"652",652,"ENSMUST00000088561.9","+",2786,4089,"STRG.614.1",1,1304,"STRG.614","",0,0
"653",653,"ENSMUST00000120066.7","+",2930,3802,"STRG.612.1",1,873,"STRG.612","",0,0
"654",654,"ENSMUST00000018816.13","+",1,922,"STRG.615.1",1,922,"STRG.615","",0,0
"655",655,"ENSMUST00000034051.6","+",14,1638,"STRG.616.1",1,1625,"STRG.616","",0,0
"656",656,"ENSMUST00000026479.10","+",1,1784,"STRG.617.1",1,1784,"STRG.617","",0,0
"657",657,"ENSMUST00000020550.12","+",1,1266,"STRG.618.1",1,1266,"STRG.618","",0,0
"658",658,"ENSMUST00000141295.7","+",8,973,"STRG.619.1",2,951,"STRG.619","",0,0
"659",659,"ENSMUST00000128767.7","+",62,2751,"STRG.620.1",1,2690,"STRG.620","",0,0
"660",660,"ENSMUST00000154526.7","+",27,2397,"STRG.623.1",1,2371,"STRG.623","",0,0
"661",661,"ENSMUST00000153400.7",".",190,571,"STRG.621.1",1,382,"STRG.621","",0,0
"662",662,"ENSMUST00000153400.7",".",646,887,"STRG.622.1",1,242,"STRG.622","",0,0
"663",663,"ENSMUST00000025229.10","+",314,2736,"STRG.624.1",1,2423,"STRG.624","",0,0
"664",664,"ENSMUST00000176203.8","+",311,2730,"STRG.626.1",1,2420,"STRG.626","",0,0
"665",665,"ENSMUST00000032198.10","+",32,1767,"STRG.625.1",1,1736,"STRG.625","",0,0
"666",666,"ENSMUST00000152417.7","+",834,2154,"STRG.627.1",1,1321,"STRG.627","",0,0
"667",667,"ENSMUST00000025230.14","+",46,2639,"STRG.628.1",1,2594,"STRG.628","",0,0
"668",668,"ENSMUST00000148431.9","+",1024,1945,"STRG.629.1",1,922,"STRG.629","",0,0
"669",669,"ENSMUST00000002840.8","+",271,3196,"STRG.630.1",1,2926,"STRG.630","",0,0
"670",670,"ENSMUST00000144964.7","+",1,3379,"STRG.632.1",2,3196,"STRG.632","",0,0
"671",671,"ENSMUST00000118784.7",".",163,1395,"STRG.631.1",1,1233,"STRG.631","",0,0
"672",672,"ENSMUST00000147112.1","+",89,855,"STRG.633.1",2,681,"STRG.633","",0,0
"673",673,"ENSMUST00000002846.8","+",1,1035,"STRG.634.1",1,1035,"STRG.634","",0,0
"674",674,"ENSMUST00000003436.11","+",34,1468,"STRG.635.1",1,1435,"STRG.635","",0,0
"675",675,"ENSMUST00000191440.6","+",2,1529,"STRG.636.1",2,1449,"STRG.636","",0,0
"676",676,"ENSMUST00000150654.7","+",1,1983,"STRG.637.1",3,1712,"STRG.637","",0,0
"677",677,"ENSMUST00000002177.8","+",39,1801,"STRG.638.1",1,1763,"STRG.638","",0,0
"678",678,"ENSMUST00000111354.1","+",282,1738,"STRG.639.1",1,1457,"STRG.639","",0,0
"679",679,"ENSMUST00000059844.12","+",38,1908,"STRG.640.1",1,1871,"STRG.640","",0,0
"680",680,"ENSMUST00000129200.1","+",1174,1612,"STRG.641.1",1,439,"STRG.641","",0,0
"681",681,"ENSMUST00000103152.10","+",1,1909,"STRG.642.1",1,1909,"STRG.642","",0,0
"682",682,"ENSMUST00000026475.14","+",14,890,"STRG.643.1",1,877,"STRG.643","",0,0
"683",683,"ENSMUST00000145275.7","+",35,3058,"STRG.644.1",2,2783,"STRG.644","",0,0
"684",684,"ENSMUST00000071430.6","+",168,762,"STRG.645.1",1,595,"STRG.645","",0,0
"685",685,"ENSMUST00000078286.5","+",10,2580,"STRG.646.1",1,2571,"STRG.646","",0,0
"686",686,"ENSMUST00000064580.13","+",72,2216,"STRG.647.1",1,2145,"STRG.647","",0,0
"687",687,"ENSMUST00000121393.8","+",120,4402,"STRG.649.1",1,4283,"STRG.649","",0,0
"688",688,"ENSMUST00000153896.1","+",1131,2566,"STRG.648.1",1,1436,"STRG.648","",0,0
"689",689,"ENSMUST00000018803.11","+",36,1994,"STRG.650.1",1,1959,"STRG.650","",0,0
"690",690,"ENSMUST00000022189.8","+",568,3245,"STRG.651.1",1,2678,"STRG.651","",0,0
"691",691,"ENSMUST00000179781.7","+",1,1261,"STRG.652.1",1,1261,"STRG.652","",0,0
"692",692,"ENSMUST00000067036.11","+",20,1526,"STRG.653.1",2,1158,"STRG.653","",0,0
"693",693,"ENSMUST00000105381.4","+",400,1240,"STRG.654.1",1,841,"STRG.654","",0,0
"694",694,"ENSMUST00000007275.2","+",758,1653,"STRG.655.1",1,896,"STRG.655","",0,0
"695",695,"ENSMUST00000040434.8","+",4,1154,"STRG.656.1",1,1151,"STRG.656","",0,0
"696",696,"ENSMUST00000107909.7",".",4498,6434,"STRG.657.1",1,1937,"STRG.657","",0,0
"697",697,"ENSMUST00000131676.7","+",59,1111,"STRG.658.1",1,1053,"STRG.658","",0,0
"698",698,"ENSMUST00000113337.9","+",5883,7628,"STRG.659.1",1,1746,"STRG.659","",0,0
"699",699,"ENSMUST00000026472.9","+",1,1859,"STRG.660.1",1,1859,"STRG.660","",0,0
"700",700,"ENSMUST00000059718.5",".",2604,4889,"STRG.661.1",1,2286,"STRG.661","",0,0
"701",701,"ENSMUST00000032200.15","+",75,2642,"STRG.664.1",1,2568,"STRG.664","",0,0
"702",702,"ENSMUST00000079773.13",".",1,651,"STRG.662.1",1,651,"STRG.662","",0,0
"703",703,"ENSMUST00000079773.13",".",716,2348,"STRG.663.1",1,1633,"STRG.663","",0,0
"704",704,"ENSMUST00000099931.10","+",1582,3809,"STRG.665.1",1,2228,"STRG.665","",0,0
"705",705,"ENSMUST00000109020.8","+",56,1352,"STRG.666.1",1,1297,"STRG.666","",0,0
"706",706,"ENSMUST00000200082.4","+",519,3436,"STRG.670.1",1,2918,"STRG.670","",0,0
"707",707,"ENSMUST00000021249.10","+",27,1521,"STRG.669.1",1,1495,"STRG.669","",0,0
"708",708,"ENSMUST00000126874.1",".",242,826,"STRG.667.1",1,585,"STRG.667","",0,0
"709",709,"ENSMUST00000126874.1",".",918,1550,"STRG.668.1",1,633,"STRG.668","",0,0
"710",710,"ENSMUST00000143720.7",".",311,1760,"STRG.672.1",1,1450,"STRG.672","",0,0
"711",711,"ENSMUST00000143720.7","+",1866,3818,"STRG.673.1",1,1953,"STRG.673","",0,0
"712",712,"ENSMUST00000119945.7","+",13,1013,"STRG.671.1",1,1001,"STRG.671","",0,0
"713",713,"ENSMUST00000109011.7","+",1,1438,"STRG.674.1",1,1438,"STRG.674","",0,0
"714",714,"ENSMUST00000001485.9","+",34,1708,"STRG.675.1",1,1675,"STRG.675","",0,0
"715",715,"ENSMUST00000049385.13","+",111,1321,"STRG.677.1",1,1211,"STRG.677","",0,0
"716",716,"ENSMUST00000152521.1","+",7,710,"STRG.676.1",2,439,"STRG.676","",0,0
"717",717,"ENSMUST00000029266.13","+",254,1731,"STRG.678.1",1,1478,"STRG.678","",0,0
"718",718,"ENSMUST00000006035.12","+",67,1377,"STRG.679.1",1,1311,"STRG.679","",0,0
"719",719,"ENSMUST00000088650.10","+",18,1349,"STRG.681.1",3,1300,"STRG.681","",0,0
"720",720,"ENSMUST00000099009.8","+",1168,3256,"STRG.680.1",1,2089,"STRG.680","",0,0
"721",721,"ENSMUST00000000287.8","+",68,2097,"STRG.682.1",1,2030,"STRG.682","",0,0
"722",722,"ENSMUST00000029116.13","+",2788,3557,"STRG.683.1",1,770,"STRG.683","",0,0
"723",723,"ENSMUST00000152594.7","+",5374,7405,"STRG.684.1",1,2032,"STRG.684","",0,0
"724",724,"ENSMUST00000171621.2",".",1,653,"STRG.687.1",1,653,"STRG.687","",0,0
"725",725,"ENSMUST00000171621.2",".",665,2543,"STRG.688.1",1,1879,"STRG.688","",0,0
"726",726,"ENSMUST00000200409.4","+",2148,2523,"STRG.685.1",1,376,"STRG.685","",0,0
"727",727,"ENSMUST00000038580.6","+",20,1405,"STRG.686.1",1,1386,"STRG.686","",0,0
"728",728,"ENSMUST00000020420.8","+",1928,4805,"STRG.689.1",1,2878,"STRG.689","",0,0
"729",729,"ENSMUST00000036111.9","+",32,1069,"STRG.690.1",1,1038,"STRG.690","",0,0
"730",730,"ENSMUST00000039551.8","+",33,1769,"STRG.691.1",1,1737,"STRG.691","",0,0
"731",731,"ENSMUST00000105502.7","+",4420,6844,"STRG.694.1",2,2414,"STRG.694","",0,0
"732",732,"ENSMUST00000105501.1","+",79,1298,"STRG.692.1",1,1220,"STRG.692","",0,0
"733",733,"ENSMUST00000001592.14",".",1046,3139,"STRG.693.1",1,2094,"STRG.693","",0,0
"734",734,"ENSMUST00000114033.8","+",998,3878,"STRG.695.1",1,2881,"STRG.695","",0,0
"735",735,"ENSMUST00000013931.11","+",1981,4026,"STRG.696.1",1,2046,"STRG.696","",0,0
"736",736,"ENSMUST00000102782.3","+",10,445,"STRG.697.1",1,436,"STRG.697","",0,0
"737",737,"ENSMUST00000037333.16","+",1090,1993,"STRG.698.1",1,904,"STRG.698","",0,0
"738",738,"ENSMUST00000002172.13","+",144,2703,"STRG.700.1",1,2560,"STRG.700","",0,0
"739",739,"ENSMUST00000024783.8","+",290,2113,"STRG.699.1",1,1824,"STRG.699","",0,0
"740",740,"ENSMUST00000000137.7","+",1707,3631,"STRG.701.1",2,1898,"STRG.701","",0,0
"741",741,"ENSMUST00000019939.11","+",60,1401,"STRG.703.1",1,1342,"STRG.703","",0,0
"742",742,"ENSMUST00000105499.1","+",272,1046,"STRG.702.1",1,775,"STRG.702","",0,0
"743",743,"ENSMUST00000032228.8","+",1,4657,"STRG.707.1",1,4657,"STRG.707","",0,0
"744",744,"ENSMUST00000032441.13","+",150,2455,"STRG.704.1",1,2306,"STRG.704","",0,0
"745",745,"ENSMUST00000001715.9","+",325,1880,"STRG.705.1",1,1556,"STRG.705","",0,0
"746",746,"ENSMUST00000172820.1","+",153,574,"STRG.706.1",1,422,"STRG.706","",0,0
"747",747,"ENSMUST00000001716.7","+",19,649,"STRG.708.1",1,631,"STRG.708","",0,0
"748",748,"ENSMUST00000001713.9","+",49,1037,"STRG.710.1",1,989,"STRG.710","",0,0
"749",749,"ENSMUST00000007253.5","+",125,1873,"STRG.709.1",1,1749,"STRG.709","",0,0
"750",750,"ENSMUST00000020864.8",".",45,1965,"STRG.711.1",1,1921,"STRG.711","",0,0
"751",751,"ENSMUST00000136008.7","+",363,3915,"STRG.712.1",1,3553,"STRG.712","",0,0
"752",752,"ENSMUST00000029269.11","+",43,1610,"STRG.713.1",1,1568,"STRG.713","",0,0
"753",753,"ENSMUST00000220440.1","+",557,1521,"STRG.714.1",1,965,"STRG.714","",0,0
"754",754,"ENSMUST00000038257.6","+",436,1368,"STRG.715.1",1,933,"STRG.715","",0,0
"755",755,"ENSMUST00000004050.6","+",58,2663,"STRG.716.1",1,2606,"STRG.716","",0,0
"756",756,"ENSMUST00000038169.7","+",1,544,"STRG.717.1",1,544,"STRG.717","",0,0
"757",757,"ENSMUST00000096066.4","+",73,1385,"STRG.718.1",1,1313,"STRG.718","",0,0
"758",758,"ENSMUST00000102553.10","+",13,1265,"STRG.719.1",1,1253,"STRG.719","",0,0
"759",759,"ENSMUST00000004051.7","+",3681,5625,"STRG.720.1",1,1945,"STRG.720","",0,0
"760",760,"ENSMUST00000172753.1","+",14,2803,"STRG.722.1",2,2758,"STRG.722","",0,0
"761",761,"ENSMUST00000087328.3","+",384,2790,"STRG.721.1",1,2407,"STRG.721","",0,0
"762",762,"ENSMUST00000020358.11","+",1,1825,"STRG.724.1",1,1825,"STRG.724","",0,0
"763",763,"ENSMUST00000020358.11","+",1844,2827,"STRG.725.1",1,984,"STRG.725","",0,0
"764",764,"ENSMUST00000109602.7","+",1639,2623,"STRG.723.1",1,985,"STRG.723","",0,0
"765",765,"ENSMUST00000163483.1","+",37,1265,"STRG.726.1",1,1229,"STRG.726","",0,0
"766",766,"ENSMUST00000163483.1","+",1668,2655,"STRG.727.1",1,988,"STRG.727","",0,0
"767",767,"ENSMUST00000000925.9","+",66,1641,"STRG.728.1",2,1547,"STRG.728","",0,0
"768",768,"ENSMUST00000020849.8","+",28,2083,"STRG.730.1",1,2056,"STRG.730","",0,0
"769",769,"ENSMUST00000034049.4","+",262,1542,"STRG.729.1",1,1281,"STRG.729","",0,0
"770",770,"ENSMUST00000020851.14","+",22,1224,"STRG.731.1",1,1203,"STRG.731","",0,0
"771",771,"ENSMUST00000026624.10","+",134,3094,"STRG.732.1",1,2961,"STRG.732","",0,0
"772",772,"ENSMUST00000219839.1","+",826,1488,"STRG.734.1",1,663,"STRG.734","",0,0
"773",773,"ENSMUST00000219435.1","+",5,398,"STRG.733.1",1,394,"STRG.733","",0,0
"774",774,"ENSMUST00000058906.6","+",315,937,"STRG.735.1",1,623,"STRG.735","",0,0
"775",775,"ENSMUST00000108935.7","+",76,1138,"STRG.736.1",1,1063,"STRG.736","",0,0
"776",776,"ENSMUST00000031806.9","+",238,1582,"STRG.738.1",1,1345,"STRG.738","",0,0
"777",777,"ENSMUST00000108925.9","+",19,444,"STRG.737.1",1,426,"STRG.737","",0,0
"778",778,"ENSMUST00000048418.13","+",39,5360,"STRG.739.1",1,5322,"STRG.739","",0,0
"779",779,"ENSMUST00000034046.12","+",60,3897,"STRG.741.1",1,3838,"STRG.741","",0,0
"780",780,"ENSMUST00000110372.8","+",1215,2637,"STRG.740.1",1,1423,"STRG.740","",0,0
"781",781,"ENSMUST00000026625.6","+",20,1231,"STRG.742.1",1,1212,"STRG.742","",0,0
"782",782,"ENSMUST00000026625.6","+",20,1231,"STRG.742.2",2,1110,"STRG.742","",0,0
"783",783,"ENSMUST00000146722.8","+",2518,3763,"STRG.743.1",1,1246,"STRG.743","",0,0
"784",784,"ENSMUST00000035350.11","+",238,3993,"STRG.745.1",1,3756,"STRG.745","",0,0
"785",785,"ENSMUST00000066888.9","+",15,1909,"STRG.744.1",1,1895,"STRG.744","",0,0
"786",786,"ENSMUST00000031411.14","+",236,2218,"STRG.747.1",1,1983,"STRG.747","",0,0
"787",787,"ENSMUST00000080008.12","+",1330,3068,"STRG.746.1",1,1739,"STRG.746","",0,0
"788",788,"ENSMUST00000064652.13","-",1033,2202,"STRG.748.1",1,1170,"STRG.748","",0,0
"789",789,"ENSMUST00000021217.10","+",331,1012,"STRG.749.1",1,682,"STRG.749","",0,0
"790",790,"ENSMUST00000072566.4","+",106,734,"STRG.750.1",1,629,"STRG.750","",0,0
"791",791,"ENSMUST00000135884.7","+",252,1235,"STRG.751.1",1,984,"STRG.751","",0,0
"792",792,"ENSMUST00000111557.7","+",8863,9831,"STRG.752.1",1,969,"STRG.752","",0,0
"793",793,"ENSMUST00000007257.9","+",277,1441,"STRG.753.1",1,1165,"STRG.753","",0,0
"794",794,"ENSMUST00000047531.15","+",110,1561,"STRG.754.1",1,1452,"STRG.754","",0,0
"795",795,"ENSMUST00000147934.3","+",595,1092,"STRG.755.1",1,498,"STRG.755","",0,0
"796",796,"ENSMUST00000111551.1","+",4,1558,"STRG.756.1",2,1538,"STRG.756","",0,0
"797",797,"ENSMUST00000179873.7","+",73,1574,"STRG.757.1",1,1502,"STRG.757","",0,0
"798",798,"ENSMUST00000041956.13","+",4081,7340,"STRG.758.1",1,3260,"STRG.758","",0,0
"799",799,"ENSMUST00000041618.12","+",2146,4416,"STRG.759.1",1,2271,"STRG.759","",0,0
"800",800,"ENSMUST00000007251.13","+",13,1938,"STRG.762.1",1,1926,"STRG.762","",0,0
"801",801,"ENSMUST00000055485.11",".",1882,2146,"STRG.760.1",1,265,"STRG.760","",0,0
"802",802,"ENSMUST00000055485.11",".",2151,2468,"STRG.761.1",1,318,"STRG.761","",0,0
"803",803,"ENSMUST00000041589.5","+",1,2287,"STRG.763.1",1,2287,"STRG.763","",0,0
"804",804,"ENSMUST00000041589.5","+",1,2287,"STRG.763.2",2,2272,"STRG.763","",0,0
"805",805,"ENSMUST00000129529.8","+",4,1146,"STRG.764.1",2,877,"STRG.764","",0,0
"806",806,"ENSMUST00000029082.8","+",1,914,"STRG.765.1",1,914,"STRG.765","",0,0
"807",807,"ENSMUST00000025418.3","+",1,1049,"STRG.766.1",1,1049,"STRG.766","",0,0
"808",808,"ENSMUST00000079716.5","+",17,668,"STRG.768.1",1,652,"STRG.768","",0,0
"809",809,"ENSMUST00000039608.7","+",24,2471,"STRG.767.1",1,2448,"STRG.767","",0,0
"810",810,"ENSMUST00000042345.6","+",699,3698,"STRG.771.1",1,3000,"STRG.771","",0,0
"811",811,"ENSMUST00000025503.8","+",1257,1918,"STRG.770.1",1,662,"STRG.770","",0,0
"812",812,"ENSMUST00000025027.8","+",1,635,"STRG.769.1",1,635,"STRG.769","",0,0
"813",813,"ENSMUST00000063574.6","+",43,1188,"STRG.772.1",1,1146,"STRG.772","",0,0
"814",814,"ENSMUST00000002699.5","+",1353,3695,"STRG.773.1",1,2343,"STRG.773","",0,0
"815",815,"ENSMUST00000052556.3","+",34,2473,"STRG.774.1",1,2440,"STRG.774","",0,0
"816",816,"ENSMUST00000024823.12","+",48,1935,"STRG.775.1",2,1863,"STRG.775","",0,0
"817",817,"ENSMUST00000167624.1","+",48,895,"STRG.776.1",1,848,"STRG.776","",0,0
"818",818,"ENSMUST00000062991.7","+",34,1456,"STRG.777.1",1,1423,"STRG.777","",0,0
"819",819,"ENSMUST00000025570.6","+",79,1951,"STRG.778.1",1,1873,"STRG.778","",0,0
"820",820,"ENSMUST00000036407.4","+",3792,5618,"STRG.779.1",1,1827,"STRG.779","",0,0
"821",821,"ENSMUST00000058639.9","+",22,1019,"STRG.780.1",2,985,"STRG.780","",0,0
"822",822,"ENSMUST00000076219.4","+",7,2109,"STRG.781.1",1,2103,"STRG.781","",0,0
"823",823,"ENSMUST00000091920.5","+",4385,6240,"STRG.782.1",1,1856,"STRG.782","",0,0
"824",824,"ENSMUST00000025546.15","+",25,2028,"STRG.783.1",1,2004,"STRG.783","",0,0
"825",825,"ENSMUST00000025547.2","+",15,1312,"STRG.784.1",1,1298,"STRG.784","",0,0
"826",826,"ENSMUST00000025490.8","+",380,3557,"STRG.785.1",1,3178,"STRG.785","",0,0
"827",827,"ENSMUST00000060396.6","+",20,2319,"STRG.786.1",1,2300,"STRG.786","",0,0
"828",828,"ENSMUST00000047179.5","+",2210,3286,"STRG.787.1",1,1077,"STRG.787","",0,0
"829",829,"ENSMUST00000066912.11","+",868,2938,"STRG.788.1",1,2071,"STRG.788","",0,0
"830",830,"ENSMUST00000066912.11","+",868,2938,"STRG.788.2",2,2054,"STRG.788","",0,0
"831",831,"ENSMUST00000032473.6","+",192,3117,"STRG.789.1",1,2926,"STRG.789","",0,0
"832",832,"ENSMUST00000170392.7","+",2,1809,"STRG.790.1",1,1808,"STRG.790","",0,0
"833",833,"ENSMUST00000049642.4","+",11,1407,"STRG.791.1",1,1397,"STRG.791","",0,0
"834",834,"ENSMUST00000025833.6",".",401,2402,"STRG.792.1",1,2002,"STRG.792","",0,0
"835",835,"ENSMUST00000025833.6","+",2450,3635,"STRG.793.1",1,1186,"STRG.793","",0,0
"836",836,"ENSMUST00000077235.3","+",1013,2172,"STRG.794.1",1,1160,"STRG.794","",0,0
"837",837,"ENSMUST00000025476.2","+",6,2558,"STRG.797.1",1,2553,"STRG.797","",0,0
"838",838,"ENSMUST00000025408.8","+",2193,3083,"STRG.795.1",1,891,"STRG.795","",0,0
"839",839,"ENSMUST00000023761.2","+",55,638,"STRG.796.1",1,584,"STRG.796","",0,0
"840",840,"ENSMUST00000025836.4","+",20,835,"STRG.798.1",1,816,"STRG.798","",0,0
"841",841,"ENSMUST00000025811.4","+",19,1469,"STRG.799.1",1,1451,"STRG.799","",0,0
"842",842,"ENSMUST00000048482.6","+",204,1159,"STRG.800.1",1,956,"STRG.800","",0,0
"843",843,"ENSMUST00000052011.13","+",3344,4484,"STRG.801.1",1,1141,"STRG.801","",0,0
"844",844,"ENSMUST00000025955.6","+",2783,5176,"STRG.802.1",1,2394,"STRG.802","",0,0
"845",845,"ENSMUST00000179434.7","+",25,2207,"STRG.803.1",1,2183,"STRG.803","",0,0
"846",846,"ENSMUST00000054174.7","+",5,2207,"STRG.804.1",1,2203,"STRG.804","",0,0
"847",847,"ENSMUST00000010807.4","+",84,3456,"STRG.805.1",1,3373,"STRG.805","",0,0
"848",848,"ENSMUST00000025649.8","+",3,4155,"STRG.807.1",1,4153,"STRG.807","",0,0
"849",849,"ENSMUST00000085425.4","+",39,739,"STRG.806.1",1,701,"STRG.806","",0,0
"850",850,"ENSMUST00000111460.3","+",4328,5534,"STRG.808.1",2,1195,"STRG.808","",0,0
"851",851,"ENSMUST00000078034.3","+",12,685,"STRG.810.1",1,674,"STRG.810","",0,0
"852",852,"ENSMUST00000074912.7",".",20,557,"STRG.809.1",1,538,"STRG.809","",0,0
"853",853,"ENSMUST00000025804.5","+",10,1835,"STRG.811.1",1,1826,"STRG.811","",0,0
"854",854,"ENSMUST00000003655.7","+",1,1748,"STRG.812.1",1,1748,"STRG.812","",0,0
"855",855,"ENSMUST00000025204.5","+",1,1066,"STRG.813.1",1,1066,"STRG.813","",0,0
"856",856,"ENSMUST00000096246.3","+",659,3858,"STRG.814.1",1,3200,"STRG.814","",0,0
"857",857,"ENSMUST00000096246.3","+",659,3858,"STRG.814.2",2,3187,"STRG.814","",0,0
"858",858,"ENSMUST00000070080.5","+",3353,5251,"STRG.817.1",1,1899,"STRG.817","",0,0
"859",859,"ENSMUST00000037302.5","+",2439,3940,"STRG.815.1",1,1502,"STRG.815","",0,0
"860",860,"ENSMUST00000002551.3","+",1,837,"STRG.816.1",1,837,"STRG.816","",0,0
"861",861,"ENSMUST00000048688.6","+",31,4301,"STRG.819.1",1,4271,"STRG.819","",0,0
"862",862,"ENSMUST00000073080.5","+",12,943,"STRG.818.1",1,932,"STRG.818","",0,0
"863",863,"ENSMUST00000050714.6","+",7,2111,"STRG.820.1",1,2105,"STRG.820","",0,0
"864",864,"ENSMUST00000041080.5","+",717,2969,"STRG.821.1",1,2253,"STRG.821","",0,0
"865",865,"ENSMUST00000096243.5","+",53,1561,"STRG.822.1",1,1509,"STRG.822","",0,0
"866",866,"ENSMUST00000001419.8","+",19,1454,"STRG.824.1",1,1436,"STRG.824","",0,0
"867",867,"ENSMUST00000075280.10",".",22,1079,"STRG.823.1",1,1058,"STRG.823","",0,0
"868",868,"ENSMUST00000170693.7","+",38,2456,"STRG.825.1",1,2419,"STRG.825","",0,0
"869",869,"ENSMUST00000024972.5",".",299,1692,"STRG.826.1",1,1394,"STRG.826","",0,0
"870",870,"ENSMUST00000025137.7","+",172,2100,"STRG.827.1",1,1929,"STRG.827","",0,0
"871",871,"ENSMUST00000040284.4","+",1,1047,"STRG.828.1",2,947,"STRG.828","",0,0
"872",872,"ENSMUST00000025364.4","+",72,2329,"STRG.831.1",1,2258,"STRG.831","",0,0
"873",873,"ENSMUST00000024954.9","+",4051,5309,"STRG.829.1",1,1259,"STRG.829","",0,0
"874",874,"ENSMUST00000026243.3","+",3809,5020,"STRG.830.1",1,1212,"STRG.830","",0,0
"875",875,"ENSMUST00000025774.9","+",51,3231,"STRG.832.1",1,3181,"STRG.832","",0,0
"876",876,"ENSMUST00000025835.4","+",61,4300,"STRG.833.1",1,4240,"STRG.833","",0,0
"877",877,"ENSMUST00000034326.6","+",83,3913,"STRG.834.1",1,3831,"STRG.834","",0,0
"878",878,"ENSMUST00000068603.6","+",1632,5771,"STRG.835.1",1,4140,"STRG.835","",0,0
"879",879,"ENSMUST00000068603.6","+",1632,5771,"STRG.835.2",2,4120,"STRG.835","",0,0
"880",880,"ENSMUST00000115808.2","+",119,4759,"STRG.836.1",1,4641,"STRG.836","",0,0
"881",881,"ENSMUST00000048959.3","+",1,1769,"STRG.837.1",1,1769,"STRG.837","",0,0
"882",882,"ENSMUST00000096261.3","+",11,868,"STRG.838.1",1,858,"STRG.838","",0,0
"883",883,"ENSMUST00000037246.5","+",40,1057,"STRG.839.1",1,1018,"STRG.839","",0,0
"884",884,"ENSMUST00000171533.7","+",68,2156,"STRG.840.1",1,2089,"STRG.840","",0,0
"885",885,"ENSMUST00000026828.5","+",11,816,"STRG.841.1",1,806,"STRG.841","",0,0
"886",886,"ENSMUST00000026828.5","+",11,816,"STRG.841.2",2,792,"STRG.841","",0,0
"887",887,"ENSMUST00000119694.1","+",98,1975,"STRG.842.1",1,1878,"STRG.842","",0,0
"888",888,"ENSMUST00000025890.8","+",14,2631,"STRG.843.1",1,2618,"STRG.843","",0,0
"889",889,"ENSMUST00000112304.8","+",67,3259,"STRG.844.1",1,3193,"STRG.844","",0,0
"890",890,"ENSMUST00000080217.12","+",14,2581,"STRG.845.1",1,2568,"STRG.845","",0,0
"891",891,"ENSMUST00000025891.8",".",2628,3100,"STRG.846.1",1,473,"STRG.846","",0,0
"892",892,"ENSMUST00000097715.2","+",17,1213,"STRG.847.1",1,1197,"STRG.847","",0,0
"893",893,"ENSMUST00000024946.5","+",2,1091,"STRG.848.1",1,1090,"STRG.848","",0,0
"894",894,"ENSMUST00000024946.5","+",2,1091,"STRG.848.2",2,1075,"STRG.848","",0,0
"895",895,"ENSMUST00000039048.1","+",1,1881,"STRG.849.1",1,1881,"STRG.849","",0,0
"896",896,"ENSMUST00000025918.7","+",69,2166,"STRG.850.1",1,2098,"STRG.850","",0,0
"897",897,"ENSMUST00000062753.2","+",1007,1677,"STRG.851.1",1,671,"STRG.851","",0,0
"898",898,"ENSMUST00000055792.7","+",12,1617,"STRG.852.1",1,1606,"STRG.852","",0,0
"899",899,"ENSMUST00000025762.14","+",18,734,"STRG.853.1",1,717,"STRG.853","",0,0
"900",900,"ENSMUST00000070210.4","+",1,2813,"STRG.854.1",1,2813,"STRG.854","",0,0
"901",901,"ENSMUST00000096253.5","+",23,580,"STRG.855.1",1,558,"STRG.855","",0,0
"902",902,"ENSMUST00000021114.4","+",14,1347,"STRG.858.1",1,1334,"STRG.858","",0,0
"903",903,"ENSMUST00000043627.7","+",37,994,"STRG.856.1",1,958,"STRG.856","",0,0
"904",904,"ENSMUST00000095263.9","+",39,1498,"STRG.857.1",1,1460,"STRG.857","",0,0
"905",905,"ENSMUST00000001242.8","+",28,1377,"STRG.859.1",1,1350,"STRG.859","",0,0
"906",906,"ENSMUST00000220359.1","+",988,1619,"STRG.860.1",1,632,"STRG.860","",0,0
"907",907,"ENSMUST00000171121.8","+",85,1709,"STRG.861.1",1,1625,"STRG.861","",0,0
"908",908,"ENSMUST00000064953.14","+",135,1723,"STRG.862.1",1,1589,"STRG.862","",0,0
"909",909,"ENSMUST00000026126.9","+",110,3237,"STRG.863.1",1,3128,"STRG.863","",0,0
"910",910,"ENSMUST00000029663.10","+",50,1117,"STRG.864.1",1,1068,"STRG.864","",0,0
"911",911,"ENSMUST00000154647.7","+",421,1678,"STRG.865.1",1,1258,"STRG.865","",0,0
"912",912,"ENSMUST00000113645.7","+",72,1323,"STRG.868.1",1,1252,"STRG.868","",0,0
"913",913,"ENSMUST00000138254.7",".",10,504,"STRG.866.1",1,495,"STRG.866","",0,0
"914",914,"ENSMUST00000138254.7",".",686,1369,"STRG.867.1",1,684,"STRG.867","",0,0
"915",915,"ENSMUST00000091132.12","+",95,1350,"STRG.869.1",1,1256,"STRG.869","",0,0
"916",916,"ENSMUST00000139454.2",".",2855,3166,"STRG.870.1",1,312,"STRG.870","",0,0
"917",917,"ENSMUST00000139454.2","+",3294,4236,"STRG.871.1",1,943,"STRG.871","",0,0
"918",918,"ENSMUST00000118317.7","+",5310,7936,"STRG.872.1",1,2627,"STRG.872","",0,0
"919",919,"ENSMUST00000191142.6","+",246,1969,"STRG.873.1",1,1724,"STRG.873","",0,0
"920",920,"ENSMUST00000081978.9","+",772,3298,"STRG.874.1",1,2527,"STRG.874","",0,0
"921",921,"ENSMUST00000133810.1","+",2478,4202,"STRG.875.1",1,1725,"STRG.875","",0,0
"922",922,"ENSMUST00000087026.12","+",84,1303,"STRG.876.1",1,1220,"STRG.876","",0,0
"923",923,"ENSMUST00000149437.7",".",1177,1930,"STRG.877.1",1,754,"STRG.877","",0,0
"924",924,"ENSMUST00000149437.7",".",1940,2310,"STRG.878.1",1,371,"STRG.878","",0,0
"925",925,"ENSMUST00000017530.3",".",1689,2065,"STRG.879.1",1,377,"STRG.879","",0,0
"926",926,"ENSMUST00000102505.9",".",2822,4512,"STRG.880.1",1,1691,"STRG.880","",0,0
"927",927,"ENSMUST00000069057.12","+",2746,4547,"STRG.881.1",1,1802,"STRG.881","",0,0
"928",928,"ENSMUST00000102504.9","+",1288,4659,"STRG.882.1",1,3372,"STRG.882","",0,0
"929",929,"ENSMUST00000066264.12","+",106,1267,"STRG.883.1",1,1162,"STRG.883","",0,0
"930",930,"ENSMUST00000132376.1","+",86,673,"STRG.884.1",1,588,"STRG.884","",0,0
"931",931,"ENSMUST00000099277.11","+",1964,4971,"STRG.885.1",1,3008,"STRG.885","",0,0
"932",932,"ENSMUST00000108594.7","+",78,1437,"STRG.886.1",1,1360,"STRG.886","",0,0
"933",933,"ENSMUST00000123701.8","+",11,1250,"STRG.887.1",1,1240,"STRG.887","",0,0
"934",934,"ENSMUST00000020341.8","+",101,1195,"STRG.888.1",1,1095,"STRG.888","",0,0
"935",935,"ENSMUST00000032480.13","+",1,1628,"STRG.889.1",1,1628,"STRG.889","",0,0
"936",936,"ENSMUST00000032808.5","+",68,467,"STRG.890.1",1,400,"STRG.890","",0,0
"937",937,"ENSMUST00000030091.9","+",281,1801,"STRG.891.1",1,1521,"STRG.891","",0,0
"938",938,"ENSMUST00000042614.12","+",13060,15452,"STRG.892.1",1,2393,"STRG.892","",0,0
"939",939,"ENSMUST00000032809.9","+",1,1096,"STRG.893.1",1,1096,"STRG.893","",0,0
"940",940,"ENSMUST00000142519.2","+",15,1080,"STRG.894.1",1,1066,"STRG.894","",0,0
"941",941,"ENSMUST00000020444.15","+",16,1144,"STRG.895.1",1,1129,"STRG.895","",0,0
"942",942,"ENSMUST00000024981.8",".",634,1924,"STRG.896.1",1,1291,"STRG.896","",0,0
"943",943,"ENSMUST00000034203.16","+",15,2735,"STRG.897.1",1,2721,"STRG.897","",0,0
"944",944,"ENSMUST00000043077.7","+",1,1277,"STRG.899.1",1,1277,"STRG.899","",0,0
"945",945,"ENSMUST00000064187.11","+",370,2452,"STRG.898.1",1,2083,"STRG.898","",0,0
"946",946,"ENSMUST00000028222.12","+",133,2656,"STRG.900.1",1,2524,"STRG.900","",0,0
"947",947,"ENSMUST00000028222.12","+",133,2656,"STRG.900.2",2,2513,"STRG.900","",0,0
"948",948,"ENSMUST00000100171.2","+",8,2613,"STRG.904.1",1,2606,"STRG.904","",0,0
"949",949,"ENSMUST00000100171.2","+",8,2613,"STRG.904.2",2,2524,"STRG.904","",0,0
"950",950,"ENSMUST00000221750.1","+",1,1251,"STRG.901.1",2,1172,"STRG.901","",0,0
"951",951,"ENSMUST00000021512.10","+",110,1328,"STRG.902.1",1,1219,"STRG.902","",0,0
"952",952,"ENSMUST00000042012.6","+",2500,4265,"STRG.903.1",1,1766,"STRG.903","",0,0
"953",953,"ENSMUST00000068408.13","+",11,500,"STRG.905.1",1,490,"STRG.905","",0,0
"954",954,"ENSMUST00000026433.8","+",3970,4533,"STRG.906.1",1,564,"STRG.906","",0,0
"955",955,"ENSMUST00000029017.5","+",30,2661,"STRG.907.1",1,2632,"STRG.907","",0,0
"956",956,"ENSMUST00000136885.1","+",1,2728,"STRG.909.1",1,2728,"STRG.909","",0,0
"957",957,"ENSMUST00000136885.1","+",1,2728,"STRG.909.2",2,2625,"STRG.909","",0,0
"958",958,"ENSMUST00000218828.1","+",1592,2668,"STRG.908.1",1,1077,"STRG.908","",0,0
"959",959,"ENSMUST00000218828.1","+",2879,3934,"STRG.910.1",1,1056,"STRG.910","",0,0
"960",960,"ENSMUST00000028807.5","+",52,2110,"STRG.911.1",1,2059,"STRG.911","",0,0
"961",961,"ENSMUST00000085102.5","+",940,2817,"STRG.912.1",1,1878,"STRG.912","",0,0
"962",962,"ENSMUST00000032216.6","+",15,1146,"STRG.913.1",1,1132,"STRG.913","",0,0
"963",963,"ENSMUST00000056181.6","+",47,1807,"STRG.914.1",1,1761,"STRG.914","",0,0
"964",964,"ENSMUST00000103094.10","+",19,1150,"STRG.915.1",1,1132,"STRG.915","",0,0
"965",965,"ENSMUST00000182328.7","+",62,1391,"STRG.916.1",2,1310,"STRG.916","",0,0
"966",966,"ENSMUST00000059642.16","+",178,1530,"STRG.917.1",2,1331,"STRG.917","",0,0
"967",967,"ENSMUST00000186182.1","+",166,1512,"STRG.919.1",2,1326,"STRG.919","",0,0
"968",968,"ENSMUST00000041003.7","+",231,1401,"STRG.918.1",1,1171,"STRG.918","",0,0
"969",969,"ENSMUST00000034064.4","+",11,2240,"STRG.920.1",1,2230,"STRG.920","",0,0
"970",970,"ENSMUST00000098414.4","+",2163,3053,"STRG.921.1",1,891,"STRG.921","",0,0
"971",971,"ENSMUST00000090031.11","+",39,568,"STRG.922.1",1,530,"STRG.922","",0,0
"972",972,"ENSMUST00000029814.9","+",1308,3556,"STRG.924.1",1,2249,"STRG.924","",0,0
"973",973,"ENSMUST00000145331.7","+",744,1832,"STRG.923.1",1,1089,"STRG.923","",0,0
"974",974,"ENSMUST00000018506.12","+",92,2054,"STRG.925.1",1,1963,"STRG.925","",0,0
"975",975,"ENSMUST00000227350.1","+",440,1587,"STRG.926.1",1,1148,"STRG.926","",0,0
"976",976,"ENSMUST00000022727.9","+",5,1681,"STRG.927.1",1,1677,"STRG.927","",0,0
"977",977,"ENSMUST00000017567.13","+",29,2245,"STRG.928.1",1,2217,"STRG.928","",0,0
"978",978,"ENSMUST00000165565.7","+",63,2296,"STRG.929.1",2,2141,"STRG.929","",0,0
"979",979,"ENSMUST00000048001.7","+",14,2991,"STRG.930.1",1,2978,"STRG.930","",0,0
"980",980,"ENSMUST00000029402.14","+",1,3149,"STRG.931.1",1,3149,"STRG.931","",0,0
"981",981,"ENSMUST00000106643.7","+",290,1582,"STRG.932.1",1,1293,"STRG.932","",0,0
"982",982,"ENSMUST00000033030.13","+",180,4418,"STRG.934.1",1,4239,"STRG.934","",0,0
"983",983,"ENSMUST00000110136.7","+",1322,3233,"STRG.933.1",1,1912,"STRG.933","",0,0
"984",984,"ENSMUST00000060955.11","+",37,3373,"STRG.935.1",1,3337,"STRG.935","",0,0
"985",985,"ENSMUST00000064404.7","+",46,1276,"STRG.936.1",1,1231,"STRG.936","",0,0
"986",986,"ENSMUST00000060992.5","+",149,1773,"STRG.937.1",1,1625,"STRG.937","",0,0
"987",987,"ENSMUST00000022728.3","+",5,1875,"STRG.939.1",1,1871,"STRG.939","",0,0
"988",988,"ENSMUST00000106223.3","+",2,777,"STRG.938.1",1,776,"STRG.938","",0,0
"989",989,"ENSMUST00000204177.2","+",35,2403,"STRG.941.1",5,1494,"STRG.941","",0,0
"990",990,"ENSMUST00000180095.3","+",23,1471,"STRG.940.1",1,1449,"STRG.940","",0,0
"991",991,"ENSMUST00000032214.13","+",399,1447,"STRG.942.1",2,1025,"STRG.942","",0,0
"992",992,"ENSMUST00000008477.12","+",41,1267,"STRG.943.1",1,1227,"STRG.943","",0,0
"993",993,"ENSMUST00000087511.9","+",203,1282,"STRG.944.1",1,1080,"STRG.944","",0,0
"994",994,"ENSMUST00000119047.7","+",2,708,"STRG.945.1",1,707,"STRG.945","",0,0
"995",995,"ENSMUST00000156713.7","+",1197,3243,"STRG.946.1",1,2047,"STRG.946","",0,0
"996",996,"ENSMUST00000086199.11","+",4,2775,"STRG.947.1",1,2772,"STRG.947","",0,0
"997",997,"ENSMUST00000086199.11","+",4,2775,"STRG.947.2",2,2757,"STRG.947","",0,0
"998",998,"ENSMUST00000103018.10","+",2319,3962,"STRG.948.1",1,1644,"STRG.948","",0,0
"999",999,"ENSMUST00000058295.5","+",3126,4470,"STRG.949.1",1,1345,"STRG.949","",0,0
"1000",1000,"ENSMUST00000095328.5","+",1,3807,"STRG.950.1",1,3807,"STRG.950","",0,0
